job_row,jd
2459,"**A World-Class Team**

CarePlus Health Systems is powered by dedicated professionals who make a real impact every day. Whether you're on the front lines serving customers, supporting operations, or shaping strategic initiatives, your work matters and contributes to our collective success.

We're a team built on purpose and opportunity. Join us and be part of something meaningful.


**Why You'll Love Working Here**

Our team members are our greatest asset, which is why we provide an exceptional benefits package that demonstrates our commitment to your success and well-being.

**Here's what you can look forward to:**

* **Paid Parental Leave:** Bonding time for new parents with paid leave for birth, adoption, or foster placement.
* **Flexible Spending Accounts:** Pre-tax savings for healthcare and dependent care expenses.
* **Weekly/Bi-Weekly Pay:** Flexible pay schedule options to help you manage your finances on your terms.
* **401(k) Retirement Plan:** Build your financial future with competitive company match (up to 6% of eligible compensation).
* **Employee Discounts:** Exclusive discounts on products and services, plus perks with partner companies.
* **Paid Time Off:** Generous PTO including vacation days, personal days, sick leave, and paid holidays.
* **Employee Assistance Program:** Confidential counseling and support services for you and your household members.
* **Performance Bonuses:** Quarterly and annual bonus opportunities based on individual and company performance.
* **Stock Purchase Plan:** Opportunity to purchase company stock at a discount through payroll deductions.
* **Wellness Programs:** Comprehensive wellness initiatives including gym membership discounts and health screenings.
* **Short/Long-Term Disability:** Income protection when you need it most, with both short-term and long-term disability options.
* **Professional Development:** Access to training programs, tuition reimbursement, and career advancement opportunities.

* Eligibility requirements and waiting periods may vary by position and employment status.

**Job Summary**

We are seeking a qualified Patient Care Coordinator to join our team. This position plays a vital role in our operations and offers the opportunity to contribute to a dynamic organization committed to excellence. The ideal candidate will bring a combination of technical expertise, professional skills, and personal qualities that align with our values and culture.

**Our Culture**

Join a team that values your contributions and invests in your success:

* **Empowerment:** We trust our team members to make decisions and take ownership of their work.
* **Recognition:** We celebrate achievements and reward excellence through our comprehensive recognition programs.
* **Development:** We invest in your growth with training, mentorship, and clear career progression paths.
* **Inclusivity:** We embrace diversity and create a welcoming environment for people of all backgrounds.
* **Communication:** We maintain open, transparent dialogue at all levels of the organization.
* **Safety First:** Your well-being is our priority – we maintain rigorous safety standards and protocols.
* **Community:** We give back to the communities we serve through volunteer programs and charitable initiatives.

**Major Tasks, Responsibilities, and Key Accountabilities**

* Participate in quality improvement initiatives, contribute to patient safety programs, and implement evidence-based practice changes to enhance care delivery
* Educate patients and families about diagnoses, treatment plans, medications, and self-care techniques, ensuring understanding and addressing questions or concerns
* Conduct comprehensive patient assessments including vital signs, medical history, current symptoms, and psychosocial factors, documenting findings accurately in electronic health records
* Administer medications, treatments, and procedures as prescribed, following the five rights of medication administration and monitoring patients for therapeutic effects and adverse reactions
* Complete thorough and timely documentation of all patient interactions, assessments, interventions, and outcomes in compliance with legal and regulatory requirements
* Collaborate with interdisciplinary healthcare team members including physicians, therapists, social workers, and case managers to develop and implement comprehensive care plans
* Assist with diagnostic procedures, prepare patients appropriately, explain processes to reduce anxiety, and monitor patients throughout procedures for safety
* Participate in continuing education programs, maintain professional certifications, and stay current with clinical guidelines and healthcare advancements
* Maintain strict compliance with HIPAA regulations, patient privacy standards, infection control protocols, and all applicable healthcare regulations and accreditation requirements
* Manage patient flow including admissions, transfers, and discharges, ensuring smooth transitions and coordinating with various departments for continuity of care
* Respond to emergency situations with appropriate interventions, activate rapid response teams when necessary, and provide critical care support as needed
* Provide direct patient care in accordance with established protocols, physician orders, and nursing best practices while maintaining patient safety and dignity
* Serve as patient advocate, ensuring patient rights are respected, addressing concerns promptly, and facilitating communication between patients and healthcare providers
* Monitor patient conditions continuously, identify changes in status, and promptly report concerning findings to physicians and charge nurses for timely intervention
* Perform wound care, IV therapy, catheterization, and other clinical procedures according to established protocols while maintaining sterile technique and patient comfort

**Qualifications and Requirements**

* High school diploma or equivalent required; Associate's or Bachelor's degree in related field preferred
* 1-2 years of relevant experience preferred; will train motivated candidates with strong foundational skills
* Technical certification or licensure in relevant specialty area required or ability to obtain within specified timeframe
* Exceptional communication skills with ability to convey complex information clearly to diverse audiences
* Professional demeanor with strong work ethic, reliability, and consistent punctuality
* Strong analytical and problem-solving abilities with keen attention to detail and accuracy
* Proven ability to manage multiple priorities, meet deadlines, and adapt to changing circumstances
* Leadership capabilities with experience mentoring, training, or supervising others
* Cultural competency and ability to work effectively with diverse populations and perspectives
* Ability to stand, walk, and remain mobile for extended periods during scheduled shifts
* Visual acuity to read documents, computer screens, and observe details at varying distances
* Ability to pass background check, drug screening, and other pre-employment requirements
* Professional references from previous supervisors or colleagues who can attest to qualifications

**Physical Requirements and Work Environment**

* Healthcare facility environment requiring strict adherence to infection control protocols and sterile technique procedures
* Prolonged periods of standing and walking throughout facility, often covering significant distance during 8-12 hour shifts
* Frequent lifting, turning, and repositioning of patients requiring proper body mechanics and often team coordination for safety
* Regular exposure to bodily fluids, infectious diseases, and hazardous materials necessitating use of personal protective equipment
* Emotionally demanding work involving serious illnesses, end-of-life care, and critical situations requiring emotional resilience
* Shift work including days, nights, weekends, and holidays based on department needs and patient care requirements
* Fast-paced environment with frequent interruptions requiring ability to prioritize and multitask effectively under pressure
* Exposure to hospital noise levels including alarms, overhead pages, and equipment sounds in clinical areas

**Compensation**

In accordance with our commitment to pay transparency and equity, we provide the following compensation information for this position. We carefully consider a wide range of factors when determining salary including but not limited to: location, relevant education, professional experience, demonstrated skills, and internal equity. Actual compensation will be determined through the interview process and may vary based on these factors.

$45,000 - $110,000 per year based on experience

**Equal Opportunity Employer Statement**

CarePlus Health Systems is proud to be an equal opportunity employer committed to building a diverse and inclusive workforce. We believe that diverse perspectives and backgrounds strengthen our organization and drive innovation. We provide equal employment opportunities to all qualified applicants and employees regardless of race, color, religion, sex, gender identity, sexual orientation, national origin, age, disability, veteran status, genetic information, or any other legally protected characteristic.

We are committed to providing reasonable accommodations to individuals with disabilities throughout the application and employment process. If you require accommodation, please contact our Human Resources department to discuss your needs.

All employment decisions are based on qualifications, merit, and business needs. We do not tolerate discrimination or harassment of any kind and maintain a workplace culture of respect, dignity, and professionalism.

"
3349,"**A World-Class Team**

Advanced Production Systems is powered by dedicated professionals who make a real impact every day. Whether you're on the front lines serving customers, supporting operations, or shaping strategic initiatives, your work matters and contributes to our collective success.

We're a team built on purpose and opportunity. Join us and be part of something meaningful.


**Why You'll Love Working Here**

We understand that great benefits matter. Our comprehensive package is designed to support you and your family in all aspects of life.

**Here's what you can look forward to:**

* **Health Insurance:** Choose from multiple medical plan options with dental and vision coverage available.
* **Wellness Programs:** Comprehensive wellness initiatives including gym membership discounts and health screenings.
* **Life Insurance:** Company-paid life insurance with options for supplemental coverage for you and your family.
* **Continuing Education:** Support for professional certifications and continuing education credits.
* **Performance Bonuses:** Quarterly and annual bonus opportunities based on individual and company performance.
* **Weekly/Bi-Weekly Pay:** Flexible pay schedule options to help you manage your finances on your terms.
* **Short/Long-Term Disability:** Income protection when you need it most, with both short-term and long-term disability options.
* **Paid Time Off:** Generous PTO including vacation days, personal days, sick leave, and paid holidays.
* **Stock Purchase Plan:** Opportunity to purchase company stock at a discount through payroll deductions.

* Eligibility requirements and waiting periods may vary by position and employment status.

**Job Summary**

We are seeking a qualified Shipping Coordinator to join our team. This position plays a vital role in our operations and offers the opportunity to contribute to a dynamic organization committed to excellence. The ideal candidate will bring a combination of technical expertise, professional skills, and personal qualities that align with our values and culture.

**Our Culture**

Join a team that values your contributions and invests in your success:

* **Empowerment:** We trust our team members to make decisions and take ownership of their work.
* **Recognition:** We celebrate achievements and reward excellence through our comprehensive recognition programs.
* **Development:** We invest in your growth with training, mentorship, and clear career progression paths.
* **Inclusivity:** We embrace diversity and create a welcoming environment for people of all backgrounds.
* **Communication:** We maintain open, transparent dialogue at all levels of the organization.
* **Safety First:** Your well-being is our priority – we maintain rigorous safety standards and protocols.
* **Community:** We give back to the communities we serve through volunteer programs and charitable initiatives.

**Major Tasks, Responsibilities, and Key Accountabilities**

* Conduct pre-shift equipment inspections, identify potential issues, perform basic maintenance tasks, and report malfunctions to maintenance team immediately
* Operate production machinery and equipment safely and efficiently according to standard operating procedures, meeting quality and productivity targets
* Attend safety meetings, training sessions, and toolbox talks to stay current on procedures, regulations, and best practices
* Load raw materials, monitor inventory levels during production runs, and communicate supply needs to supervisors to prevent production delays
* Identify and report safety hazards, quality defects, and process inefficiencies while contributing suggestions for continuous improvement initiatives
* Maintain clean and organized work areas, properly dispose of waste materials, and ensure compliance with 5S workplace organization principles
* Package finished products according to customer specifications, apply proper labeling, and prepare items for shipment or warehouse storage
* Follow all safety protocols including proper use of personal protective equipment (PPE), lockout/tagout procedures, and emergency response plans
* Support new employee onboarding by demonstrating proper techniques, sharing knowledge, and promoting a culture of safety and quality
* Perform quality control checks throughout production runs using measuring instruments, visual inspections, and testing procedures to ensure product specifications are met
* Work collaboratively with team members to optimize workflow, meet production schedules, and support cross-training initiatives for operational flexibility
* Participate in lean manufacturing initiatives, kaizen events, and process improvement projects to enhance efficiency and reduce waste
* Monitor production processes continuously, adjust machine settings as needed to maintain quality standards, and troubleshoot issues to minimize downtime

**Qualifications and Requirements**

* High school diploma required with demonstrated technical aptitude and willingness to learn
* 1-2 years of relevant experience preferred; will train motivated candidates with strong foundational skills
* Technical certification or licensure in relevant specialty area required or ability to obtain within specified timeframe
* Familiarity with point-of-sale systems, inventory management software, or customer relationship management tools
* Professional demeanor with strong work ethic, reliability, and consistent punctuality
* Strong analytical and problem-solving abilities with keen attention to detail and accuracy
* Proven ability to manage multiple priorities, meet deadlines, and adapt to changing circumstances
* Strong organizational skills with systematic approach to work and meticulous record-keeping
* Results-driven mindset with history of meeting or exceeding performance goals and targets
* Exceptional communication skills with ability to convey complex information clearly to diverse audiences
* Manual dexterity to operate equipment, tools, and computer keyboards with precision
* Professional references from previous supervisors or colleagues who can attest to qualifications
* Availability to work flexible schedule including evenings, weekends, and holidays as needed

**Environmental and Physical Requirements**

* Manufacturing plant environment with exposure to noise levels requiring hearing protection in designated areas
* Physically demanding work including prolonged standing, walking on concrete floors, and repetitive motions throughout shift
* Regular lifting of materials and products weighing up to 50 pounds; team lifts and mechanical assistance for heavier loads
* Work in areas with varying temperatures; may include exposure to heat from machinery or cooler warehouse environments
* Requires use of personal protective equipment including safety glasses, steel-toed boots, gloves, and other PPE as specified
* Exposure to industrial machinery, moving equipment, and forklifts requiring constant awareness and adherence to safety protocols
* 8-12 hour shifts with potential overtime during peak production periods; may include rotating shifts or weekend work
* Confined spaces or elevated work areas in some positions requiring specific certifications and comfort with heights

**Compensation**

In accordance with our commitment to pay transparency and equity, we provide the following compensation information for this position. We carefully consider a wide range of factors when determining salary including but not limited to: location, relevant education, professional experience, demonstrated skills, and internal equity. Actual compensation will be determined through the interview process and may vary based on these factors.

Starting from $16.00 per hour

**Equal Opportunity Employer Statement**

Advanced Production Systems is proud to be an equal opportunity employer committed to building a diverse and inclusive workforce. We believe that diverse perspectives and backgrounds strengthen our organization and drive innovation. We provide equal employment opportunities to all qualified applicants and employees regardless of race, color, religion, sex, gender identity, sexual orientation, national origin, age, disability, veteran status, genetic information, or any other legally protected characteristic.

We are committed to providing reasonable accommodations to individuals with disabilities throughout the application and employment process. If you require accommodation, please contact our Human Resources department to discuss your needs.

All employment decisions are based on qualifications, merit, and business needs. We do not tolerate discrimination or harassment of any kind and maintain a workplace culture of respect, dignity, and professionalism.

"
1367,"**A World-Class Team**

Digital Nexus Group is powered by dedicated professionals who make a real impact every day. Whether you're on the front lines serving customers, supporting operations, or shaping strategic initiatives, your work matters and contributes to our collective success.

We're a team built on purpose and opportunity. Join us and be part of something meaningful.


**Why You'll Love Working Here**

We believe in taking care of our team members. That's why we offer a comprehensive benefits package designed to support your health, well-being, and future – both on and off the job.

**Here's what you can look forward to:**

* **Short/Long-Term Disability:** Income protection when you need it most, with both short-term and long-term disability options.
* **Wellness Programs:** Comprehensive wellness initiatives including gym membership discounts and health screenings.
* **Performance Bonuses:** Quarterly and annual bonus opportunities based on individual and company performance.
* **Life Insurance:** Company-paid life insurance with options for supplemental coverage for you and your family.
* **Health Insurance:** Choose from multiple medical plan options with dental and vision coverage available.
* **Professional Development:** Access to training programs, tuition reimbursement, and career advancement opportunities.
* **Stock Purchase Plan:** Opportunity to purchase company stock at a discount through payroll deductions.
* **Continuing Education:** Support for professional certifications and continuing education credits.
* **Employee Assistance Program:** Confidential counseling and support services for you and your household members.
* **Paid Parental Leave:** Bonding time for new parents with paid leave for birth, adoption, or foster placement.
* **Paid Time Off:** Generous PTO including vacation days, personal days, sick leave, and paid holidays.
* **Weekly/Bi-Weekly Pay:** Flexible pay schedule options to help you manage your finances on your terms.

* Eligibility requirements and waiting periods may vary by position and employment status.

**Job Summary**

We are seeking a qualified Technical Support Specialist to join our team. This position plays a vital role in our operations and offers the opportunity to contribute to a dynamic organization committed to excellence. The ideal candidate will bring a combination of technical expertise, professional skills, and personal qualities that align with our values and culture.

**What We Stand For**

At our company, we're built on a foundation of core principles that drive our success:

* **Commitment to Excellence:** Every task, every day, we pursue the highest standards of quality and service.
* **Team First:** We support each other, celebrate wins together, and tackle challenges as a unified team.
* **Continuous Improvement:** We embrace innovation and seek better ways to serve our customers and grow our business.
* **Respect for All:** We create an inclusive environment where diversity is celebrated and every voice matters.
* **Customer Obsession:** Our customers' success is our success – we go above and beyond to exceed expectations.
* **Ethical Leadership:** We lead by example, making decisions guided by integrity and transparency.
* **Work-Life Balance:** We respect that our team members have lives outside of work and support healthy boundaries.

**Major Tasks, Responsibilities, and Key Accountabilities**

* Maintain and enhance CI/CD pipelines for automated testing and deployment, ensuring reliable and efficient release processes
* Create and maintain comprehensive technical documentation including architecture diagrams, API specifications, and deployment procedures
* Contribute to technical architecture decisions, evaluate new technologies and tools, and make recommendations for improving development processes and infrastructure
* Collaborate with DevOps teams to ensure proper infrastructure provisioning, monitoring, and scaling of applications in cloud environments
* Design and implement RESTful APIs, microservices, and integrations with third-party systems, ensuring robust error handling and comprehensive testing
* Implement security best practices including input validation, encryption, authentication mechanisms, and regular security audits to protect sensitive data
* Collaborate with cross-functional teams including product managers, designers, and other engineers to define requirements, architect solutions, and deliver features on schedule
* Optimize application performance through profiling, identifying bottlenecks, implementing caching strategies, and refactoring inefficient code
* Monitor production systems using logging and monitoring tools, respond to alerts, and participate in on-call rotation to ensure system reliability
* Troubleshoot complex technical issues, perform root cause analysis, and implement effective solutions while documenting findings for knowledge sharing
* Write clean, well-documented, and thoroughly tested code following established coding standards and conducting peer code reviews to maintain high-quality codebase
* Mentor junior developers through pair programming, code reviews, and knowledge sharing sessions, fostering a culture of continuous learning
* Design, develop, and implement scalable software solutions using modern programming languages, frameworks, and best practices while ensuring code quality and maintainability
* Participate in agile development processes including sprint planning, daily standups, retrospectives, and demonstrations, contributing to continuous team improvement

**Qualifications and Requirements**

* High school diploma required with demonstrated technical aptitude and willingness to learn
* Extensive experience required including supervisory or leadership responsibilities in similar environment
* Technical certification or licensure in relevant specialty area required or ability to obtain within specified timeframe
* Strong computer skills including data entry, file management, and basic troubleshooting capabilities
* Proven ability to manage multiple priorities, meet deadlines, and adapt to changing circumstances
* Leadership capabilities with experience mentoring, training, or supervising others
* Professional demeanor with strong work ethic, reliability, and consistent punctuality
* Strong organizational skills with systematic approach to work and meticulous record-keeping
* Outstanding customer service orientation with patience, empathy, and commitment to exceeding expectations
* Cultural competency and ability to work effectively with diverse populations and perspectives
* Results-driven mindset with history of meeting or exceeding performance goals and targets
* Ability to stand, walk, and remain mobile for extended periods during scheduled shifts
* Legal authorization to work in the United States with required documentation
* Professional references from previous supervisors or colleagues who can attest to qualifications
* Valid driver's license with clean driving record required for positions involving vehicle operation

**Work Environment**

* Professional office setting with ergonomic workstations and modern technology infrastructure
* Primarily sedentary work involving extended periods at computer workstations requiring proper posture and periodic breaks
* Collaborative open office layout with access to quiet spaces for focused work and meeting rooms for team collaboration
* Occasional travel may be required for conferences, client meetings, or team events (less than 10% typically)
* Standard business hours with flexibility for remote work options and occasional extended hours during critical project phases
* May participate in on-call rotation for production support requiring responsiveness outside normal business hours
* Minimal physical demands beyond standard office activities; accommodations available for individuals with disabilities

**Compensation**

In accordance with our commitment to pay transparency and equity, we provide the following compensation information for this position. We carefully consider a wide range of factors when determining salary including but not limited to: location, relevant education, professional experience, demonstrated skills, and internal equity. Actual compensation will be determined through the interview process and may vary based on these factors.

$70,000 - $150,000 per year based on experience

**Equal Opportunity Employer Statement**

Digital Nexus Group is proud to be an equal opportunity employer committed to building a diverse and inclusive workforce. We believe that diverse perspectives and backgrounds strengthen our organization and drive innovation. We provide equal employment opportunities to all qualified applicants and employees regardless of race, color, religion, sex, gender identity, sexual orientation, national origin, age, disability, veteran status, genetic information, or any other legally protected characteristic.

We are committed to providing reasonable accommodations to individuals with disabilities throughout the application and employment process. If you require accommodation, please contact our Human Resources department to discuss your needs.

All employment decisions are based on qualifications, merit, and business needs. We do not tolerate discrimination or harassment of any kind and maintain a workplace culture of respect, dignity, and professionalism.

"
4533,"**A World-Class Team**

CodeCraft Inc. is powered by dedicated professionals who make a real impact every day. Whether you're on the front lines serving customers, supporting operations, or shaping strategic initiatives, your work matters and contributes to our collective success.

We're a team built on purpose and opportunity. Join us and be part of something meaningful.


**Why You'll Love Working Here**

Your well-being is our priority. We offer a robust benefits program that goes beyond the basics to truly support our team members.

**Here's what you can look forward to:**

* **Paid Time Off:** Generous PTO including vacation days, personal days, sick leave, and paid holidays.
* **Employee Assistance Program:** Confidential counseling and support services for you and your household members.
* **Professional Development:** Access to training programs, tuition reimbursement, and career advancement opportunities.
* **Life Insurance:** Company-paid life insurance with options for supplemental coverage for you and your family.
* **Commuter Benefits:** Pre-tax savings on public transportation and parking expenses.
* **Wellness Programs:** Comprehensive wellness initiatives including gym membership discounts and health screenings.
* **Continuing Education:** Support for professional certifications and continuing education credits.
* **Flexible Spending Accounts:** Pre-tax savings for healthcare and dependent care expenses.
* **Employee Discounts:** Exclusive discounts on products and services, plus perks with partner companies.
* **Paid Parental Leave:** Bonding time for new parents with paid leave for birth, adoption, or foster placement.

* Eligibility requirements and waiting periods may vary by position and employment status.

**Job Summary**

We are seeking a qualified Site Reliability Engineer to join our team. This position plays a vital role in our operations and offers the opportunity to contribute to a dynamic organization committed to excellence. The ideal candidate will bring a combination of technical expertise, professional skills, and personal qualities that align with our values and culture.

**Our Culture**

Join a team that values your contributions and invests in your success:

* **Empowerment:** We trust our team members to make decisions and take ownership of their work.
* **Recognition:** We celebrate achievements and reward excellence through our comprehensive recognition programs.
* **Development:** We invest in your growth with training, mentorship, and clear career progression paths.
* **Inclusivity:** We embrace diversity and create a welcoming environment for people of all backgrounds.
* **Communication:** We maintain open, transparent dialogue at all levels of the organization.
* **Safety First:** Your well-being is our priority – we maintain rigorous safety standards and protocols.
* **Community:** We give back to the communities we serve through volunteer programs and charitable initiatives.

**Major Tasks, Responsibilities, and Key Accountabilities**

* Implement security best practices including input validation, encryption, authentication mechanisms, and regular security audits to protect sensitive data
* Maintain and enhance CI/CD pipelines for automated testing and deployment, ensuring reliable and efficient release processes
* Optimize application performance through profiling, identifying bottlenecks, implementing caching strategies, and refactoring inefficient code
* Collaborate with cross-functional teams including product managers, designers, and other engineers to define requirements, architect solutions, and deliver features on schedule
* Contribute to technical architecture decisions, evaluate new technologies and tools, and make recommendations for improving development processes and infrastructure
* Design, develop, and implement scalable software solutions using modern programming languages, frameworks, and best practices while ensuring code quality and maintainability
* Collaborate with DevOps teams to ensure proper infrastructure provisioning, monitoring, and scaling of applications in cloud environments
* Create and maintain comprehensive technical documentation including architecture diagrams, API specifications, and deployment procedures
* Design and implement RESTful APIs, microservices, and integrations with third-party systems, ensuring robust error handling and comprehensive testing
* Participate in agile development processes including sprint planning, daily standups, retrospectives, and demonstrations, contributing to continuous team improvement
* Troubleshoot complex technical issues, perform root cause analysis, and implement effective solutions while documenting findings for knowledge sharing
* Stay current with emerging technologies, industry trends, and best practices by attending conferences, participating in tech communities, and pursuing continuous education

**Qualifications and Requirements**

* High school diploma required with demonstrated technical aptitude and willingness to learn
* 5+ years of professional experience with demonstrated track record of success and increasing responsibilities
* Proficiency with Microsoft Office Suite including Excel, Word, PowerPoint, and Outlook required
* Experience with industry-specific software systems and demonstrated ability to learn new technologies quickly
* Cultural competency and ability to work effectively with diverse populations and perspectives
* Exceptional communication skills with ability to convey complex information clearly to diverse audiences
* Professional demeanor with strong work ethic, reliability, and consistent punctuality
* Strong organizational skills with systematic approach to work and meticulous record-keeping
* Results-driven mindset with history of meeting or exceeding performance goals and targets
* Visual acuity to read documents, computer screens, and observe details at varying distances
* Manual dexterity to operate equipment, tools, and computer keyboards with precision
* Legal authorization to work in the United States with required documentation
* Availability to work flexible schedule including evenings, weekends, and holidays as needed

**Work Environment**

* Professional office setting with ergonomic workstations and modern technology infrastructure
* Primarily sedentary work involving extended periods at computer workstations requiring proper posture and periodic breaks
* Collaborative open office layout with access to quiet spaces for focused work and meeting rooms for team collaboration
* Occasional travel may be required for conferences, client meetings, or team events (less than 10% typically)
* Standard business hours with flexibility for remote work options and occasional extended hours during critical project phases
* May participate in on-call rotation for production support requiring responsiveness outside normal business hours
* Minimal physical demands beyond standard office activities; accommodations available for individuals with disabilities

**Compensation**

In accordance with our commitment to pay transparency and equity, we provide the following compensation information for this position. We carefully consider a wide range of factors when determining salary including but not limited to: location, relevant education, professional experience, demonstrated skills, and internal equity. Actual compensation will be determined through the interview process and may vary based on these factors.

$70,000 - $150,000 per year based on experience

**Equal Opportunity Employer Statement**

CodeCraft Inc. is proud to be an equal opportunity employer committed to building a diverse and inclusive workforce. We believe that diverse perspectives and backgrounds strengthen our organization and drive innovation. We provide equal employment opportunities to all qualified applicants and employees regardless of race, color, religion, sex, gender identity, sexual orientation, national origin, age, disability, veteran status, genetic information, or any other legally protected characteristic.

We are committed to providing reasonable accommodations to individuals with disabilities throughout the application and employment process. If you require accommodation, please contact our Human Resources department to discuss your needs.

All employment decisions are based on qualifications, merit, and business needs. We do not tolerate discrimination or harassment of any kind and maintain a workplace culture of respect, dignity, and professionalism.

"
575,"**A World-Class Team**

BuildRight Construction is powered by dedicated professionals who make a real impact every day. Whether you're on the front lines serving customers, supporting operations, or shaping strategic initiatives, your work matters and contributes to our collective success.

We're a team built on purpose and opportunity. Join us and be part of something meaningful.


**Why You'll Love Working Here**

We understand that great benefits matter. Our comprehensive package is designed to support you and your family in all aspects of life.

**Here's what you can look forward to:**

* **Life Insurance:** Company-paid life insurance with options for supplemental coverage for you and your family.
* **Commuter Benefits:** Pre-tax savings on public transportation and parking expenses.
* **Weekly/Bi-Weekly Pay:** Flexible pay schedule options to help you manage your finances on your terms.
* **Wellness Programs:** Comprehensive wellness initiatives including gym membership discounts and health screenings.
* **Stock Purchase Plan:** Opportunity to purchase company stock at a discount through payroll deductions.
* **401(k) Retirement Plan:** Build your financial future with competitive company match (up to 6% of eligible compensation).
* **Professional Development:** Access to training programs, tuition reimbursement, and career advancement opportunities.
* **Paid Parental Leave:** Bonding time for new parents with paid leave for birth, adoption, or foster placement.
* **Short/Long-Term Disability:** Income protection when you need it most, with both short-term and long-term disability options.
* **Paid Time Off:** Generous PTO including vacation days, personal days, sick leave, and paid holidays.
* **Flexible Spending Accounts:** Pre-tax savings for healthcare and dependent care expenses.
* **Employee Assistance Program:** Confidential counseling and support services for you and your household members.

* Eligibility requirements and waiting periods may vary by position and employment status.

**Job Summary**

We are seeking a qualified Carpenter to join our team. This position plays a vital role in our operations and offers the opportunity to contribute to a dynamic organization committed to excellence. The ideal candidate will bring a combination of technical expertise, professional skills, and personal qualities that align with our values and culture.

**What We Stand For**

At our company, we're built on a foundation of core principles that drive our success:

* **Commitment to Excellence:** Every task, every day, we pursue the highest standards of quality and service.
* **Team First:** We support each other, celebrate wins together, and tackle challenges as a unified team.
* **Continuous Improvement:** We embrace innovation and seek better ways to serve our customers and grow our business.
* **Respect for All:** We create an inclusive environment where diversity is celebrated and every voice matters.
* **Customer Obsession:** Our customers' success is our success – we go above and beyond to exceed expectations.
* **Ethical Leadership:** We lead by example, making decisions guided by integrity and transparency.
* **Work-Life Balance:** We respect that our team members have lives outside of work and support healthy boundaries.

**Major Tasks, Responsibilities, and Key Accountabilities**

* Collaborate with team members, subcontractors, and supervisors to coordinate activities, troubleshoot issues, and ensure project milestones are met on schedule
* Prepare work sites by setting up barriers, signage, and safety equipment, organizing materials and tools, and ensuring proper staging for efficient workflow
* Conduct daily safety inspections, identify hazards, report unsafe conditions immediately, and participate in toolbox talks and safety training sessions
* Participate in pre-construction meetings, daily huddles, and project close-out activities, contributing input on scheduling, logistics, and lessons learned
* Load and unload materials, transport supplies to work areas, and operate material handling equipment including forklifts and pallet jacks when certified
* Maintain clean and organized work areas, properly dispose of construction debris, and ensure compliance with site housekeeping standards and environmental regulations
* Document daily activities including hours worked, materials used, and progress made, reporting information to supervisors for project tracking purposes
* Measure, cut, and install materials precisely using appropriate tools and techniques, verifying measurements and making adjustments as needed for proper fit
* Operate hand tools, power tools, and heavy equipment safely and efficiently, following manufacturer guidelines and OSHA safety regulations
* Perform quality control checks throughout construction process, identifying defects or deviations from specifications and taking corrective action promptly
* Maintain tools and equipment in good working condition through regular cleaning, minor repairs, and proper storage, reporting needed replacements to supervisors
* Perform construction tasks according to project specifications, blueprints, and building codes while maintaining high standards of workmanship and attention to detail
* Read and interpret construction documents including blueprints, specifications, shop drawings, and technical diagrams to execute work accurately

**Qualifications and Requirements**

* Bachelor's degree in relevant discipline required; advanced degree preferred for senior positions
* Previous experience in related field highly desirable but not required for entry-level positions
* Proficiency with Microsoft Office Suite including Excel, Word, PowerPoint, and Outlook required
* Technical certification or licensure in relevant specialty area required or ability to obtain within specified timeframe
* Strong organizational skills with systematic approach to work and meticulous record-keeping
* Leadership capabilities with experience mentoring, training, or supervising others
* Strong analytical and problem-solving abilities with keen attention to detail and accuracy
* Outstanding customer service orientation with patience, empathy, and commitment to exceeding expectations
* Collaborative team player who also works effectively independently with minimal supervision
* Exceptional communication skills with ability to convey complex information clearly to diverse audiences
* Capacity to lift, carry, push, and pull objects weighing up to 50 pounds regularly
* Visual acuity to read documents, computer screens, and observe details at varying distances
* Availability to work flexible schedule including evenings, weekends, and holidays as needed
* Professional references from previous supervisors or colleagues who can attest to qualifications
* Ability to pass background check, drug screening, and other pre-employment requirements

**Physical Demands and Job Site Conditions**

* Outdoor construction environment requiring work in all weather conditions including heat, cold, rain, and varying temperatures
* Extremely physically demanding work including heavy lifting (50+ pounds regularly), climbing, bending, and sustained physical effort
* Work at heights on ladders, scaffolding, or elevated platforms requiring comfort with heights and proper safety equipment use
* Exposure to loud noise from power tools and equipment requiring hearing protection and adherence to OSHA standards
* Confined spaces, trenches, and challenging work positions requiring flexibility, strength, and specific safety training
* Requires wearing personal protective equipment including hard hats, safety glasses, gloves, and steel-toed boots at all times
* Early start times typical (6:00-7:00 AM) with 8-10 hour days; overtime and weekend work common during peak season
* Exposure to dust, fumes, chemicals, and construction materials requiring respiratory protection in certain situations

**Compensation**

In accordance with our commitment to pay transparency and equity, we provide the following compensation information for this position. We carefully consider a wide range of factors when determining salary including but not limited to: location, relevant education, professional experience, demonstrated skills, and internal equity. Actual compensation will be determined through the interview process and may vary based on these factors.

Starting from $18.00 per hour

**Equal Opportunity Employer Statement**

BuildRight Construction is proud to be an equal opportunity employer committed to building a diverse and inclusive workforce. We believe that diverse perspectives and backgrounds strengthen our organization and drive innovation. We provide equal employment opportunities to all qualified applicants and employees regardless of race, color, religion, sex, gender identity, sexual orientation, national origin, age, disability, veteran status, genetic information, or any other legally protected characteristic.

We are committed to providing reasonable accommodations to individuals with disabilities throughout the application and employment process. If you require accommodation, please contact our Human Resources department to discuss your needs.

All employment decisions are based on qualifications, merit, and business needs. We do not tolerate discrimination or harassment of any kind and maintain a workplace culture of respect, dignity, and professionalism.

"
2112,"**A World-Class Team**

Secure Investments is powered by dedicated professionals who make a real impact every day. Whether you're on the front lines serving customers, supporting operations, or shaping strategic initiatives, your work matters and contributes to our collective success.

We're a team built on purpose and opportunity. Join us and be part of something meaningful.


**Why You'll Love Working Here**

Our team members are our greatest asset, which is why we provide an exceptional benefits package that demonstrates our commitment to your success and well-being.

**Here's what you can look forward to:**

* **Paid Parental Leave:** Bonding time for new parents with paid leave for birth, adoption, or foster placement.
* **Continuing Education:** Support for professional certifications and continuing education credits.
* **Employee Assistance Program:** Confidential counseling and support services for you and your household members.
* **Stock Purchase Plan:** Opportunity to purchase company stock at a discount through payroll deductions.
* **Wellness Programs:** Comprehensive wellness initiatives including gym membership discounts and health screenings.
* **Performance Bonuses:** Quarterly and annual bonus opportunities based on individual and company performance.
* **401(k) Retirement Plan:** Build your financial future with competitive company match (up to 6% of eligible compensation).
* **Employee Discounts:** Exclusive discounts on products and services, plus perks with partner companies.
* **Short/Long-Term Disability:** Income protection when you need it most, with both short-term and long-term disability options.
* **Weekly/Bi-Weekly Pay:** Flexible pay schedule options to help you manage your finances on your terms.

* Eligibility requirements and waiting periods may vary by position and employment status.

**Job Summary**

We are seeking a qualified Loan Officer to join our team. This position plays a vital role in our operations and offers the opportunity to contribute to a dynamic organization committed to excellence. The ideal candidate will bring a combination of technical expertise, professional skills, and personal qualities that align with our values and culture.

**Our Team Values**

We believe in creating a workplace where every team member can thrive. Our core values guide everything we do:

* **Integrity:** We act with honesty and transparency in all our interactions, building trust with our team and customers.
* **Excellence:** We strive for flawless execution and hold ourselves accountable for delivering outstanding results.
* **Collaboration:** We work together with respect and inclusion, embracing diverse perspectives to achieve our goals.
* **Innovation:** We move with speed and agility, adapting quickly to meet the evolving needs of our industry.
* **Customer Focus:** We lead with the customer in mind, ensuring every decision creates value and exceeds expectations.
* **Safety:** We maintain a safe and positive environment for our team members and those we serve.
* **Accountability:** We take ownership of our work and deliver on our commitments with pride and professionalism.

**Major Tasks, Responsibilities, and Key Accountabilities**

* Assist with budget preparation and forecasting by gathering historical data, analyzing trends, and collaborating with department heads on projections
* Monitor accounts receivable aging, follow up on overdue payments, and work with sales teams to resolve customer billing issues and improve collections
* Maintain general ledger integrity by posting journal entries, performing month-end closes, and ensuring all transactions are properly classified and recorded
* Research and interpret tax regulations, prepare tax returns, and coordinate with external tax advisors to ensure compliance and optimize tax positions
* Conduct variance analysis comparing actual results to budgets and forecasts, investigating significant deviations and providing explanations to stakeholders
* Prepare monthly, quarterly, and annual financial statements including balance sheets, income statements, and cash flow statements with supporting schedules
* Manage cash flow by monitoring bank balances, preparing cash forecasts, processing wire transfers, and optimizing working capital utilization
* Implement and maintain accounting systems and software, recommend process improvements, and automate routine tasks to enhance efficiency and accuracy
* Prepare management reports and dashboards presenting key performance indicators, financial metrics, and trend analysis for executive review
* Develop and maintain financial models for scenario planning, business case analysis, and investment evaluation to support strategic initiatives
* Analyze financial data, prepare detailed reports, and present findings to management with actionable insights and recommendations for strategic decision-making
* Stay current with changes in accounting standards, tax laws, and financial regulations through continuing professional education and industry publications

**Qualifications and Requirements**

* High school diploma required with demonstrated technical aptitude and willingness to learn
* Minimum 2-3 years of progressive experience in similar role within the industry
* Familiarity with point-of-sale systems, inventory management software, or customer relationship management tools
* Experience with industry-specific software systems and demonstrated ability to learn new technologies quickly
* Leadership capabilities with experience mentoring, training, or supervising others
* Professional demeanor with strong work ethic, reliability, and consistent punctuality
* Cultural competency and ability to work effectively with diverse populations and perspectives
* Strong organizational skills with systematic approach to work and meticulous record-keeping
* Outstanding customer service orientation with patience, empathy, and commitment to exceeding expectations
* Proven ability to manage multiple priorities, meet deadlines, and adapt to changing circumstances
* Collaborative team player who also works effectively independently with minimal supervision
* Manual dexterity to operate equipment, tools, and computer keyboards with precision
* Legal authorization to work in the United States with required documentation
* Ability to pass background check, drug screening, and other pre-employment requirements
* Availability to work flexible schedule including evenings, weekends, and holidays as needed

**Work Environment and Conditions**

* Professional office setting with business professional or business casual dress code depending on client interaction
* Primarily computer-based work requiring extended focus on financial data, spreadsheets, and analytical software
* Standard business hours Monday through Friday with flexibility based on workload and month-end/year-end closing periods
* Extended hours required during tax season, audit periods, and fiscal year-end close processes
* Minimal physical demands; sedentary position with occasional movement for meetings, printing, and file retrieval
* Collaborative environment requiring both independent work and team coordination on projects and analyses
* May require occasional travel to client sites, company locations, or professional development conferences
* Deadline-driven environment requiring strong time management and ability to maintain accuracy under pressure

**Compensation**

In accordance with our commitment to pay transparency and equity, we provide the following compensation information for this position. We carefully consider a wide range of factors when determining salary including but not limited to: location, relevant education, professional experience, demonstrated skills, and internal equity. Actual compensation will be determined through the interview process and may vary based on these factors.

$55,000 - $120,000 per year based on experience

**Equal Opportunity Employer Statement**

Secure Investments is proud to be an equal opportunity employer committed to building a diverse and inclusive workforce. We believe that diverse perspectives and backgrounds strengthen our organization and drive innovation. We provide equal employment opportunities to all qualified applicants and employees regardless of race, color, religion, sex, gender identity, sexual orientation, national origin, age, disability, veteran status, genetic information, or any other legally protected characteristic.

We are committed to providing reasonable accommodations to individuals with disabilities throughout the application and employment process. If you require accommodation, please contact our Human Resources department to discuss your needs.

All employment decisions are based on qualifications, merit, and business needs. We do not tolerate discrimination or harassment of any kind and maintain a workplace culture of respect, dignity, and professionalism.

"
4236,"**A World-Class Team**

CloudFirst Technologies is powered by dedicated professionals who make a real impact every day. Whether you're on the front lines serving customers, supporting operations, or shaping strategic initiatives, your work matters and contributes to our collective success.

We're a team built on purpose and opportunity. Join us and be part of something meaningful.


**Why You'll Love Working Here**

Our team members are our greatest asset, which is why we provide an exceptional benefits package that demonstrates our commitment to your success and well-being.

**Here's what you can look forward to:**

* **Stock Purchase Plan:** Opportunity to purchase company stock at a discount through payroll deductions.
* **Flexible Spending Accounts:** Pre-tax savings for healthcare and dependent care expenses.
* **Professional Development:** Access to training programs, tuition reimbursement, and career advancement opportunities.
* **Commuter Benefits:** Pre-tax savings on public transportation and parking expenses.
* **Continuing Education:** Support for professional certifications and continuing education credits.
* **Wellness Programs:** Comprehensive wellness initiatives including gym membership discounts and health screenings.
* **401(k) Retirement Plan:** Build your financial future with competitive company match (up to 6% of eligible compensation).
* **Paid Time Off:** Generous PTO including vacation days, personal days, sick leave, and paid holidays.
* **Performance Bonuses:** Quarterly and annual bonus opportunities based on individual and company performance.
* **Life Insurance:** Company-paid life insurance with options for supplemental coverage for you and your family.
* **Weekly/Bi-Weekly Pay:** Flexible pay schedule options to help you manage your finances on your terms.
* **Short/Long-Term Disability:** Income protection when you need it most, with both short-term and long-term disability options.

* Eligibility requirements and waiting periods may vary by position and employment status.

**Job Summary**

We are seeking a qualified Technical Support Specialist to join our team. This position plays a vital role in our operations and offers the opportunity to contribute to a dynamic organization committed to excellence. The ideal candidate will bring a combination of technical expertise, professional skills, and personal qualities that align with our values and culture.

**Our Team Values**

We believe in creating a workplace where every team member can thrive. Our core values guide everything we do:

* **Integrity:** We act with honesty and transparency in all our interactions, building trust with our team and customers.
* **Excellence:** We strive for flawless execution and hold ourselves accountable for delivering outstanding results.
* **Collaboration:** We work together with respect and inclusion, embracing diverse perspectives to achieve our goals.
* **Innovation:** We move with speed and agility, adapting quickly to meet the evolving needs of our industry.
* **Customer Focus:** We lead with the customer in mind, ensuring every decision creates value and exceeds expectations.
* **Safety:** We maintain a safe and positive environment for our team members and those we serve.
* **Accountability:** We take ownership of our work and deliver on our commitments with pride and professionalism.

**Major Tasks, Responsibilities, and Key Accountabilities**

* Implement security best practices including input validation, encryption, authentication mechanisms, and regular security audits to protect sensitive data
* Mentor junior developers through pair programming, code reviews, and knowledge sharing sessions, fostering a culture of continuous learning
* Stay current with emerging technologies, industry trends, and best practices by attending conferences, participating in tech communities, and pursuing continuous education
* Monitor production systems using logging and monitoring tools, respond to alerts, and participate in on-call rotation to ensure system reliability
* Collaborate with cross-functional teams including product managers, designers, and other engineers to define requirements, architect solutions, and deliver features on schedule
* Optimize application performance through profiling, identifying bottlenecks, implementing caching strategies, and refactoring inefficient code
* Contribute to technical architecture decisions, evaluate new technologies and tools, and make recommendations for improving development processes and infrastructure
* Design, develop, and implement scalable software solutions using modern programming languages, frameworks, and best practices while ensuring code quality and maintainability
* Collaborate with DevOps teams to ensure proper infrastructure provisioning, monitoring, and scaling of applications in cloud environments
* Maintain and enhance CI/CD pipelines for automated testing and deployment, ensuring reliable and efficient release processes
* Create and maintain comprehensive technical documentation including architecture diagrams, API specifications, and deployment procedures
* Participate in agile development processes including sprint planning, daily standups, retrospectives, and demonstrations, contributing to continuous team improvement
* Troubleshoot complex technical issues, perform root cause analysis, and implement effective solutions while documenting findings for knowledge sharing
* Write clean, well-documented, and thoroughly tested code following established coding standards and conducting peer code reviews to maintain high-quality codebase

**Qualifications and Requirements**

* High school diploma or equivalent required; Associate's or Bachelor's degree in related field preferred
* Previous experience in related field highly desirable but not required for entry-level positions
* Familiarity with point-of-sale systems, inventory management software, or customer relationship management tools
* Proficiency with Microsoft Office Suite including Excel, Word, PowerPoint, and Outlook required
* Collaborative team player who also works effectively independently with minimal supervision
* Exceptional communication skills with ability to convey complex information clearly to diverse audiences
* Outstanding customer service orientation with patience, empathy, and commitment to exceeding expectations
* Leadership capabilities with experience mentoring, training, or supervising others
* Results-driven mindset with history of meeting or exceeding performance goals and targets
* Cultural competency and ability to work effectively with diverse populations and perspectives
* Professional demeanor with strong work ethic, reliability, and consistent punctuality
* Capacity to lift, carry, push, and pull objects weighing up to 50 pounds regularly
* Legal authorization to work in the United States with required documentation
* Ability to pass background check, drug screening, and other pre-employment requirements
* Availability to work flexible schedule including evenings, weekends, and holidays as needed

**Work Environment**

* Professional office setting with ergonomic workstations and modern technology infrastructure
* Primarily sedentary work involving extended periods at computer workstations requiring proper posture and periodic breaks
* Collaborative open office layout with access to quiet spaces for focused work and meeting rooms for team collaboration
* Occasional travel may be required for conferences, client meetings, or team events (less than 10% typically)
* Standard business hours with flexibility for remote work options and occasional extended hours during critical project phases
* May participate in on-call rotation for production support requiring responsiveness outside normal business hours
* Minimal physical demands beyond standard office activities; accommodations available for individuals with disabilities

**Compensation**

In accordance with our commitment to pay transparency and equity, we provide the following compensation information for this position. We carefully consider a wide range of factors when determining salary including but not limited to: location, relevant education, professional experience, demonstrated skills, and internal equity. Actual compensation will be determined through the interview process and may vary based on these factors.

$70,000 - $150,000 per year based on experience

**Equal Opportunity Employer Statement**

CloudFirst Technologies is proud to be an equal opportunity employer committed to building a diverse and inclusive workforce. We believe that diverse perspectives and backgrounds strengthen our organization and drive innovation. We provide equal employment opportunities to all qualified applicants and employees regardless of race, color, religion, sex, gender identity, sexual orientation, national origin, age, disability, veteran status, genetic information, or any other legally protected characteristic.

We are committed to providing reasonable accommodations to individuals with disabilities throughout the application and employment process. If you require accommodation, please contact our Human Resources department to discuss your needs.

All employment decisions are based on qualifications, merit, and business needs. We do not tolerate discrimination or harassment of any kind and maintain a workplace culture of respect, dignity, and professionalism.

"
3046,"**A World-Class Team**

TrustBank National is powered by dedicated professionals who make a real impact every day. Whether you're on the front lines serving customers, supporting operations, or shaping strategic initiatives, your work matters and contributes to our collective success.

We're a team built on purpose and opportunity. Join us and be part of something meaningful.


**Why You'll Love Working Here**

We understand that great benefits matter. Our comprehensive package is designed to support you and your family in all aspects of life.

**Here's what you can look forward to:**

* **Continuing Education:** Support for professional certifications and continuing education credits.
* **Wellness Programs:** Comprehensive wellness initiatives including gym membership discounts and health screenings.
* **Health Insurance:** Choose from multiple medical plan options with dental and vision coverage available.
* **Employee Assistance Program:** Confidential counseling and support services for you and your household members.
* **Paid Parental Leave:** Bonding time for new parents with paid leave for birth, adoption, or foster placement.
* **Performance Bonuses:** Quarterly and annual bonus opportunities based on individual and company performance.
* **Short/Long-Term Disability:** Income protection when you need it most, with both short-term and long-term disability options.
* **Paid Time Off:** Generous PTO including vacation days, personal days, sick leave, and paid holidays.

* Eligibility requirements and waiting periods may vary by position and employment status.

**Job Summary**

We are seeking a qualified Controller to join our team. This position plays a vital role in our operations and offers the opportunity to contribute to a dynamic organization committed to excellence. The ideal candidate will bring a combination of technical expertise, professional skills, and personal qualities that align with our values and culture.

**Our Team Values**

We believe in creating a workplace where every team member can thrive. Our core values guide everything we do:

* **Integrity:** We act with honesty and transparency in all our interactions, building trust with our team and customers.
* **Excellence:** We strive for flawless execution and hold ourselves accountable for delivering outstanding results.
* **Collaboration:** We work together with respect and inclusion, embracing diverse perspectives to achieve our goals.
* **Innovation:** We move with speed and agility, adapting quickly to meet the evolving needs of our industry.
* **Customer Focus:** We lead with the customer in mind, ensuring every decision creates value and exceeds expectations.
* **Safety:** We maintain a safe and positive environment for our team members and those we serve.
* **Accountability:** We take ownership of our work and deliver on our commitments with pride and professionalism.

**Major Tasks, Responsibilities, and Key Accountabilities**

* Stay current with changes in accounting standards, tax laws, and financial regulations through continuing professional education and industry publications
* Analyze financial data, prepare detailed reports, and present findings to management with actionable insights and recommendations for strategic decision-making
* Conduct variance analysis comparing actual results to budgets and forecasts, investigating significant deviations and providing explanations to stakeholders
* Develop and maintain financial models for scenario planning, business case analysis, and investment evaluation to support strategic initiatives
* Assist with budget preparation and forecasting by gathering historical data, analyzing trends, and collaborating with department heads on projections
* Research and interpret tax regulations, prepare tax returns, and coordinate with external tax advisors to ensure compliance and optimize tax positions
* Support external audit processes by preparing requested documentation, responding to auditor inquiries, and implementing recommendations for internal control improvements
* Implement and maintain accounting systems and software, recommend process improvements, and automate routine tasks to enhance efficiency and accuracy
* Maintain general ledger integrity by posting journal entries, performing month-end closes, and ensuring all transactions are properly classified and recorded
* Ensure compliance with accounting principles (GAAP), financial regulations, internal controls, and audit requirements through meticulous documentation and process adherence
* Prepare management reports and dashboards presenting key performance indicators, financial metrics, and trend analysis for executive review
* Prepare monthly, quarterly, and annual financial statements including balance sheets, income statements, and cash flow statements with supporting schedules
* Process and reconcile accounts payable and receivable transactions, verify accuracy of invoices and payments, and resolve discrepancies in timely manner

**Qualifications and Requirements**

* High school diploma or equivalent required; Associate's or Bachelor's degree in related field preferred
* Extensive experience required including supervisory or leadership responsibilities in similar environment
* Familiarity with point-of-sale systems, inventory management software, or customer relationship management tools
* Experience with industry-specific software systems and demonstrated ability to learn new technologies quickly
* Leadership capabilities with experience mentoring, training, or supervising others
* Strong analytical and problem-solving abilities with keen attention to detail and accuracy
* Outstanding customer service orientation with patience, empathy, and commitment to exceeding expectations
* Collaborative team player who also works effectively independently with minimal supervision
* Strong organizational skills with systematic approach to work and meticulous record-keeping
* Proven ability to manage multiple priorities, meet deadlines, and adapt to changing circumstances
* Manual dexterity to operate equipment, tools, and computer keyboards with precision
* Stamina to perform physical tasks in varying weather conditions and environmental settings
* Legal authorization to work in the United States with required documentation
* Valid driver's license with clean driving record required for positions involving vehicle operation
* Ability to pass background check, drug screening, and other pre-employment requirements

**Work Environment and Conditions**

* Professional office setting with business professional or business casual dress code depending on client interaction
* Primarily computer-based work requiring extended focus on financial data, spreadsheets, and analytical software
* Standard business hours Monday through Friday with flexibility based on workload and month-end/year-end closing periods
* Extended hours required during tax season, audit periods, and fiscal year-end close processes
* Minimal physical demands; sedentary position with occasional movement for meetings, printing, and file retrieval
* Collaborative environment requiring both independent work and team coordination on projects and analyses
* May require occasional travel to client sites, company locations, or professional development conferences
* Deadline-driven environment requiring strong time management and ability to maintain accuracy under pressure

**Compensation**

In accordance with our commitment to pay transparency and equity, we provide the following compensation information for this position. We carefully consider a wide range of factors when determining salary including but not limited to: location, relevant education, professional experience, demonstrated skills, and internal equity. Actual compensation will be determined through the interview process and may vary based on these factors.

Competitive salary starting at $55,000 annually

**Equal Opportunity Employer Statement**

TrustBank National is proud to be an equal opportunity employer committed to building a diverse and inclusive workforce. We believe that diverse perspectives and backgrounds strengthen our organization and drive innovation. We provide equal employment opportunities to all qualified applicants and employees regardless of race, color, religion, sex, gender identity, sexual orientation, national origin, age, disability, veteran status, genetic information, or any other legally protected characteristic.

We are committed to providing reasonable accommodations to individuals with disabilities throughout the application and employment process. If you require accommodation, please contact our Human Resources department to discuss your needs.

All employment decisions are based on qualifications, merit, and business needs. We do not tolerate discrimination or harassment of any kind and maintain a workplace culture of respect, dignity, and professionalism.

"
2569,"**A World-Class Team**

Global Parts Corporation is powered by dedicated professionals who make a real impact every day. Whether you're on the front lines serving customers, supporting operations, or shaping strategic initiatives, your work matters and contributes to our collective success.

We're a team built on purpose and opportunity. Join us and be part of something meaningful.


**Why You'll Love Working Here**

Our team members are our greatest asset, which is why we provide an exceptional benefits package that demonstrates our commitment to your success and well-being.

**Here's what you can look forward to:**

* **Commuter Benefits:** Pre-tax savings on public transportation and parking expenses.
* **401(k) Retirement Plan:** Build your financial future with competitive company match (up to 6% of eligible compensation).
* **Weekly/Bi-Weekly Pay:** Flexible pay schedule options to help you manage your finances on your terms.
* **Continuing Education:** Support for professional certifications and continuing education credits.
* **Health Insurance:** Choose from multiple medical plan options with dental and vision coverage available.
* **Stock Purchase Plan:** Opportunity to purchase company stock at a discount through payroll deductions.
* **Life Insurance:** Company-paid life insurance with options for supplemental coverage for you and your family.
* **Employee Assistance Program:** Confidential counseling and support services for you and your household members.
* **Performance Bonuses:** Quarterly and annual bonus opportunities based on individual and company performance.
* **Paid Parental Leave:** Bonding time for new parents with paid leave for birth, adoption, or foster placement.
* **Flexible Spending Accounts:** Pre-tax savings for healthcare and dependent care expenses.
* **Employee Discounts:** Exclusive discounts on products and services, plus perks with partner companies.

* Eligibility requirements and waiting periods may vary by position and employment status.

**Job Summary**

We are seeking a qualified Operations Manager to join our team. This position plays a vital role in our operations and offers the opportunity to contribute to a dynamic organization committed to excellence. The ideal candidate will bring a combination of technical expertise, professional skills, and personal qualities that align with our values and culture.

**Our Team Values**

We believe in creating a workplace where every team member can thrive. Our core values guide everything we do:

* **Integrity:** We act with honesty and transparency in all our interactions, building trust with our team and customers.
* **Excellence:** We strive for flawless execution and hold ourselves accountable for delivering outstanding results.
* **Collaboration:** We work together with respect and inclusion, embracing diverse perspectives to achieve our goals.
* **Innovation:** We move with speed and agility, adapting quickly to meet the evolving needs of our industry.
* **Customer Focus:** We lead with the customer in mind, ensuring every decision creates value and exceeds expectations.
* **Safety:** We maintain a safe and positive environment for our team members and those we serve.
* **Accountability:** We take ownership of our work and deliver on our commitments with pride and professionalism.

**Major Tasks, Responsibilities, and Key Accountabilities**

* Follow all safety protocols including proper use of personal protective equipment (PPE), lockout/tagout procedures, and emergency response plans
* Attend safety meetings, training sessions, and toolbox talks to stay current on procedures, regulations, and best practices
* Conduct pre-shift equipment inspections, identify potential issues, perform basic maintenance tasks, and report malfunctions to maintenance team immediately
* Package finished products according to customer specifications, apply proper labeling, and prepare items for shipment or warehouse storage
* Participate in lean manufacturing initiatives, kaizen events, and process improvement projects to enhance efficiency and reduce waste
* Support new employee onboarding by demonstrating proper techniques, sharing knowledge, and promoting a culture of safety and quality
* Load raw materials, monitor inventory levels during production runs, and communicate supply needs to supervisors to prevent production delays
* Maintain clean and organized work areas, properly dispose of waste materials, and ensure compliance with 5S workplace organization principles
* Monitor production processes continuously, adjust machine settings as needed to maintain quality standards, and troubleshoot issues to minimize downtime
* Maintain accurate production records including quantities produced, downtime incidents, quality issues, and material usage for tracking and reporting purposes
* Work collaboratively with team members to optimize workflow, meet production schedules, and support cross-training initiatives for operational flexibility
* Perform quality control checks throughout production runs using measuring instruments, visual inspections, and testing procedures to ensure product specifications are met
* Identify and report safety hazards, quality defects, and process inefficiencies while contributing suggestions for continuous improvement initiatives

**Qualifications and Requirements**

* Bachelor's degree in relevant discipline required; advanced degree preferred for senior positions
* Minimum 2-3 years of progressive experience in similar role within the industry
* Experience with industry-specific software systems and demonstrated ability to learn new technologies quickly
* Strong computer skills including data entry, file management, and basic troubleshooting capabilities
* Results-driven mindset with history of meeting or exceeding performance goals and targets
* Exceptional communication skills with ability to convey complex information clearly to diverse audiences
* Proven ability to manage multiple priorities, meet deadlines, and adapt to changing circumstances
* Collaborative team player who also works effectively independently with minimal supervision
* Outstanding customer service orientation with patience, empathy, and commitment to exceeding expectations
* Manual dexterity to operate equipment, tools, and computer keyboards with precision
* Capacity to lift, carry, push, and pull objects weighing up to 50 pounds regularly
* Availability to work flexible schedule including evenings, weekends, and holidays as needed
* Professional references from previous supervisors or colleagues who can attest to qualifications
* Legal authorization to work in the United States with required documentation

**Environmental and Physical Requirements**

* Manufacturing plant environment with exposure to noise levels requiring hearing protection in designated areas
* Physically demanding work including prolonged standing, walking on concrete floors, and repetitive motions throughout shift
* Regular lifting of materials and products weighing up to 50 pounds; team lifts and mechanical assistance for heavier loads
* Work in areas with varying temperatures; may include exposure to heat from machinery or cooler warehouse environments
* Requires use of personal protective equipment including safety glasses, steel-toed boots, gloves, and other PPE as specified
* Exposure to industrial machinery, moving equipment, and forklifts requiring constant awareness and adherence to safety protocols
* 8-12 hour shifts with potential overtime during peak production periods; may include rotating shifts or weekend work
* Confined spaces or elevated work areas in some positions requiring specific certifications and comfort with heights

**Compensation**

In accordance with our commitment to pay transparency and equity, we provide the following compensation information for this position. We carefully consider a wide range of factors when determining salary including but not limited to: location, relevant education, professional experience, demonstrated skills, and internal equity. Actual compensation will be determined through the interview process and may vary based on these factors.

$16.00 - $32.00 per hour depending on experience and qualifications

**Equal Opportunity Employer Statement**

Global Parts Corporation is proud to be an equal opportunity employer committed to building a diverse and inclusive workforce. We believe that diverse perspectives and backgrounds strengthen our organization and drive innovation. We provide equal employment opportunities to all qualified applicants and employees regardless of race, color, religion, sex, gender identity, sexual orientation, national origin, age, disability, veteran status, genetic information, or any other legally protected characteristic.

We are committed to providing reasonable accommodations to individuals with disabilities throughout the application and employment process. If you require accommodation, please contact our Human Resources department to discuss your needs.

All employment decisions are based on qualifications, merit, and business needs. We do not tolerate discrimination or harassment of any kind and maintain a workplace culture of respect, dignity, and professionalism.

"
4603,"**A World-Class Team**

Premier Event Services is powered by dedicated professionals who make a real impact every day. Whether you're on the front lines serving customers, supporting operations, or shaping strategic initiatives, your work matters and contributes to our collective success.

We're a team built on purpose and opportunity. Join us and be part of something meaningful.


**Why You'll Love Working Here**

Our team members are our greatest asset, which is why we provide an exceptional benefits package that demonstrates our commitment to your success and well-being.

**Here's what you can look forward to:**

* **Continuing Education:** Support for professional certifications and continuing education credits.
* **Professional Development:** Access to training programs, tuition reimbursement, and career advancement opportunities.
* **Stock Purchase Plan:** Opportunity to purchase company stock at a discount through payroll deductions.
* **Life Insurance:** Company-paid life insurance with options for supplemental coverage for you and your family.
* **Health Insurance:** Choose from multiple medical plan options with dental and vision coverage available.
* **Performance Bonuses:** Quarterly and annual bonus opportunities based on individual and company performance.
* **Paid Time Off:** Generous PTO including vacation days, personal days, sick leave, and paid holidays.
* **Paid Parental Leave:** Bonding time for new parents with paid leave for birth, adoption, or foster placement.
* **Commuter Benefits:** Pre-tax savings on public transportation and parking expenses.
* **Employee Discounts:** Exclusive discounts on products and services, plus perks with partner companies.
* **Weekly/Bi-Weekly Pay:** Flexible pay schedule options to help you manage your finances on your terms.
* **Employee Assistance Program:** Confidential counseling and support services for you and your household members.

* Eligibility requirements and waiting periods may vary by position and employment status.

**Job Summary**

We are seeking a qualified Food & Beverage Manager to join our team. This position plays a vital role in our operations and offers the opportunity to contribute to a dynamic organization committed to excellence. The ideal candidate will bring a combination of technical expertise, professional skills, and personal qualities that align with our values and culture.

**Our Team Values**

We believe in creating a workplace where every team member can thrive. Our core values guide everything we do:

* **Integrity:** We act with honesty and transparency in all our interactions, building trust with our team and customers.
* **Excellence:** We strive for flawless execution and hold ourselves accountable for delivering outstanding results.
* **Collaboration:** We work together with respect and inclusion, embracing diverse perspectives to achieve our goals.
* **Innovation:** We move with speed and agility, adapting quickly to meet the evolving needs of our industry.
* **Customer Focus:** We lead with the customer in mind, ensuring every decision creates value and exceeds expectations.
* **Safety:** We maintain a safe and positive environment for our team members and those we serve.
* **Accountability:** We take ownership of our work and deliver on our commitments with pride and professionalism.

**Major Tasks, Responsibilities, and Key Accountabilities**

* Monitor guest feedback through surveys and online reviews, address negative comments professionally, and implement improvements based on guest input
* Train new front desk staff on systems, procedures, customer service standards, and company policies, serving as a resource for less experienced team members
* Process all forms of payment including cash, credit cards, and digital payments accurately while maintaining proper cash handling procedures and securing funds
* Greet guests with genuine warmth and professionalism upon arrival, creating positive first impressions and setting the tone for an exceptional stay experience
* Upsell room upgrades, amenities, and hotel services by identifying guest needs and presenting options that enhance their experience and increase revenue
* Handle guest inquiries, requests, and concerns promptly and professionally, utilizing problem-solving skills to resolve issues and ensure guest satisfaction
* Process check-ins and check-outs efficiently using property management systems, verifying reservations, collecting payments, and explaining hotel amenities and policies
* Manage room inventory and reservations, optimize occupancy rates, process bookings through multiple channels, and coordinate with housekeeping regarding room status
* Coordinate with housekeeping, maintenance, and other departments to fulfill guest requests, address room issues, and ensure seamless service delivery
* Maintain lobby and front desk areas to hospitality standards, ensuring cleanliness, organization, and professional appearance at all times
* Handle emergency situations calmly and effectively, following established protocols for medical emergencies, security issues, and evacuations while ensuring guest safety
* Reconcile daily transactions, prepare shift reports, audit night operations, and ensure accurate financial accounting of all front desk activities
* Process group bookings, coordinate with event planning teams, and manage special requests for conferences, weddings, and other large gatherings

**Qualifications and Requirements**

* High school diploma required with demonstrated technical aptitude and willingness to learn
* Minimum 2-3 years of progressive experience in similar role within the industry
* Strong computer skills including data entry, file management, and basic troubleshooting capabilities
* Leadership capabilities with experience mentoring, training, or supervising others
* Results-driven mindset with history of meeting or exceeding performance goals and targets
* Collaborative team player who also works effectively independently with minimal supervision
* Outstanding customer service orientation with patience, empathy, and commitment to exceeding expectations
* Professional demeanor with strong work ethic, reliability, and consistent punctuality
* Visual acuity to read documents, computer screens, and observe details at varying distances
* Stamina to perform physical tasks in varying weather conditions and environmental settings
* Professional references from previous supervisors or colleagues who can attest to qualifications
* Ability to pass background check, drug screening, and other pre-employment requirements

**Working Conditions**

* Indoor hotel environment with extended periods standing behind front desk or moving throughout property addressing guest needs
* Professional appearance and demeanor required at all times when interacting with guests and representing the property
* Shift work including early mornings, late evenings, overnight hours, weekends, and holidays to ensure 24/7 guest service coverage
* Requires lifting luggage and supplies up to 30 pounds; may assist guests with heavier items using proper techniques or equipment
* Fast-paced environment during peak check-in/check-out times requiring excellent multitasking and stress management abilities
* Potential exposure to difficult situations including guest complaints, emergencies, and security issues requiring composure
* Must maintain professional composure when dealing with demanding situations while upholding brand standards and hospitality

**Compensation**

In accordance with our commitment to pay transparency and equity, we provide the following compensation information for this position. We carefully consider a wide range of factors when determining salary including but not limited to: location, relevant education, professional experience, demonstrated skills, and internal equity. Actual compensation will be determined through the interview process and may vary based on these factors.

Starting from $13.00 per hour

**Equal Opportunity Employer Statement**

Premier Event Services is proud to be an equal opportunity employer committed to building a diverse and inclusive workforce. We believe that diverse perspectives and backgrounds strengthen our organization and drive innovation. We provide equal employment opportunities to all qualified applicants and employees regardless of race, color, religion, sex, gender identity, sexual orientation, national origin, age, disability, veteran status, genetic information, or any other legally protected characteristic.

We are committed to providing reasonable accommodations to individuals with disabilities throughout the application and employment process. If you require accommodation, please contact our Human Resources department to discuss your needs.

All employment decisions are based on qualifications, merit, and business needs. We do not tolerate discrimination or harassment of any kind and maintain a workplace culture of respect, dignity, and professionalism.

"
1492,"**A World-Class Team**

CodeCraft Inc. is powered by dedicated professionals who make a real impact every day. Whether you're on the front lines serving customers, supporting operations, or shaping strategic initiatives, your work matters and contributes to our collective success.

We're a team built on purpose and opportunity. Join us and be part of something meaningful.


**Why You'll Love Working Here**

We understand that great benefits matter. Our comprehensive package is designed to support you and your family in all aspects of life.

**Here's what you can look forward to:**

* **Paid Time Off:** Generous PTO including vacation days, personal days, sick leave, and paid holidays.
* **Weekly/Bi-Weekly Pay:** Flexible pay schedule options to help you manage your finances on your terms.
* **Continuing Education:** Support for professional certifications and continuing education credits.
* **Paid Parental Leave:** Bonding time for new parents with paid leave for birth, adoption, or foster placement.
* **Commuter Benefits:** Pre-tax savings on public transportation and parking expenses.
* **Wellness Programs:** Comprehensive wellness initiatives including gym membership discounts and health screenings.
* **Stock Purchase Plan:** Opportunity to purchase company stock at a discount through payroll deductions.
* **Short/Long-Term Disability:** Income protection when you need it most, with both short-term and long-term disability options.
* **Professional Development:** Access to training programs, tuition reimbursement, and career advancement opportunities.

* Eligibility requirements and waiting periods may vary by position and employment status.

**Job Summary**

We are seeking a qualified DevOps Engineer to join our team. This position plays a vital role in our operations and offers the opportunity to contribute to a dynamic organization committed to excellence. The ideal candidate will bring a combination of technical expertise, professional skills, and personal qualities that align with our values and culture.

**Our Culture**

Join a team that values your contributions and invests in your success:

* **Empowerment:** We trust our team members to make decisions and take ownership of their work.
* **Recognition:** We celebrate achievements and reward excellence through our comprehensive recognition programs.
* **Development:** We invest in your growth with training, mentorship, and clear career progression paths.
* **Inclusivity:** We embrace diversity and create a welcoming environment for people of all backgrounds.
* **Communication:** We maintain open, transparent dialogue at all levels of the organization.
* **Safety First:** Your well-being is our priority – we maintain rigorous safety standards and protocols.
* **Community:** We give back to the communities we serve through volunteer programs and charitable initiatives.

**Major Tasks, Responsibilities, and Key Accountabilities**

* Optimize application performance through profiling, identifying bottlenecks, implementing caching strategies, and refactoring inefficient code
* Create and maintain comprehensive technical documentation including architecture diagrams, API specifications, and deployment procedures
* Design and implement RESTful APIs, microservices, and integrations with third-party systems, ensuring robust error handling and comprehensive testing
* Collaborate with DevOps teams to ensure proper infrastructure provisioning, monitoring, and scaling of applications in cloud environments
* Maintain and enhance CI/CD pipelines for automated testing and deployment, ensuring reliable and efficient release processes
* Monitor production systems using logging and monitoring tools, respond to alerts, and participate in on-call rotation to ensure system reliability
* Participate in agile development processes including sprint planning, daily standups, retrospectives, and demonstrations, contributing to continuous team improvement
* Contribute to technical architecture decisions, evaluate new technologies and tools, and make recommendations for improving development processes and infrastructure
* Stay current with emerging technologies, industry trends, and best practices by attending conferences, participating in tech communities, and pursuing continuous education
* Implement security best practices including input validation, encryption, authentication mechanisms, and regular security audits to protect sensitive data
* Write clean, well-documented, and thoroughly tested code following established coding standards and conducting peer code reviews to maintain high-quality codebase
* Collaborate with cross-functional teams including product managers, designers, and other engineers to define requirements, architect solutions, and deliver features on schedule
* Design, develop, and implement scalable software solutions using modern programming languages, frameworks, and best practices while ensuring code quality and maintainability
* Mentor junior developers through pair programming, code reviews, and knowledge sharing sessions, fostering a culture of continuous learning

**Qualifications and Requirements**

* High school diploma required with demonstrated technical aptitude and willingness to learn
* Minimum 2-3 years of progressive experience in similar role within the industry
* Strong computer skills including data entry, file management, and basic troubleshooting capabilities
* Proficiency with Microsoft Office Suite including Excel, Word, PowerPoint, and Outlook required
* Leadership capabilities with experience mentoring, training, or supervising others
* Results-driven mindset with history of meeting or exceeding performance goals and targets
* Cultural competency and ability to work effectively with diverse populations and perspectives
* Strong organizational skills with systematic approach to work and meticulous record-keeping
* Exceptional communication skills with ability to convey complex information clearly to diverse audiences
* Stamina to perform physical tasks in varying weather conditions and environmental settings
* Capacity to lift, carry, push, and pull objects weighing up to 50 pounds regularly
* Professional references from previous supervisors or colleagues who can attest to qualifications
* Availability to work flexible schedule including evenings, weekends, and holidays as needed
* Legal authorization to work in the United States with required documentation

**Work Environment**

* Professional office setting with ergonomic workstations and modern technology infrastructure
* Primarily sedentary work involving extended periods at computer workstations requiring proper posture and periodic breaks
* Collaborative open office layout with access to quiet spaces for focused work and meeting rooms for team collaboration
* Occasional travel may be required for conferences, client meetings, or team events (less than 10% typically)
* Standard business hours with flexibility for remote work options and occasional extended hours during critical project phases
* May participate in on-call rotation for production support requiring responsiveness outside normal business hours
* Minimal physical demands beyond standard office activities; accommodations available for individuals with disabilities

**Compensation**

In accordance with our commitment to pay transparency and equity, we provide the following compensation information for this position. We carefully consider a wide range of factors when determining salary including but not limited to: location, relevant education, professional experience, demonstrated skills, and internal equity. Actual compensation will be determined through the interview process and may vary based on these factors.

$70,000 - $150,000 per year based on experience

**Equal Opportunity Employer Statement**

CodeCraft Inc. is proud to be an equal opportunity employer committed to building a diverse and inclusive workforce. We believe that diverse perspectives and backgrounds strengthen our organization and drive innovation. We provide equal employment opportunities to all qualified applicants and employees regardless of race, color, religion, sex, gender identity, sexual orientation, national origin, age, disability, veteran status, genetic information, or any other legally protected characteristic.

We are committed to providing reasonable accommodations to individuals with disabilities throughout the application and employment process. If you require accommodation, please contact our Human Resources department to discuss your needs.

All employment decisions are based on qualifications, merit, and business needs. We do not tolerate discrimination or harassment of any kind and maintain a workplace culture of respect, dignity, and professionalism.

"
4960,"**A World-Class Team**

Secure Investments is powered by dedicated professionals who make a real impact every day. Whether you're on the front lines serving customers, supporting operations, or shaping strategic initiatives, your work matters and contributes to our collective success.

We're a team built on purpose and opportunity. Join us and be part of something meaningful.


**Why You'll Love Working Here**

Your well-being is our priority. We offer a robust benefits program that goes beyond the basics to truly support our team members.

**Here's what you can look forward to:**

* **Paid Time Off:** Generous PTO including vacation days, personal days, sick leave, and paid holidays.
* **Employee Assistance Program:** Confidential counseling and support services for you and your household members.
* **Life Insurance:** Company-paid life insurance with options for supplemental coverage for you and your family.
* **Continuing Education:** Support for professional certifications and continuing education credits.
* **Health Insurance:** Choose from multiple medical plan options with dental and vision coverage available.
* **401(k) Retirement Plan:** Build your financial future with competitive company match (up to 6% of eligible compensation).
* **Paid Parental Leave:** Bonding time for new parents with paid leave for birth, adoption, or foster placement.
* **Stock Purchase Plan:** Opportunity to purchase company stock at a discount through payroll deductions.
* **Weekly/Bi-Weekly Pay:** Flexible pay schedule options to help you manage your finances on your terms.

* Eligibility requirements and waiting periods may vary by position and employment status.

**Job Summary**

We are seeking a qualified Loan Officer to join our team. This position plays a vital role in our operations and offers the opportunity to contribute to a dynamic organization committed to excellence. The ideal candidate will bring a combination of technical expertise, professional skills, and personal qualities that align with our values and culture.

**Our Culture**

Join a team that values your contributions and invests in your success:

* **Empowerment:** We trust our team members to make decisions and take ownership of their work.
* **Recognition:** We celebrate achievements and reward excellence through our comprehensive recognition programs.
* **Development:** We invest in your growth with training, mentorship, and clear career progression paths.
* **Inclusivity:** We embrace diversity and create a welcoming environment for people of all backgrounds.
* **Communication:** We maintain open, transparent dialogue at all levels of the organization.
* **Safety First:** Your well-being is our priority – we maintain rigorous safety standards and protocols.
* **Community:** We give back to the communities we serve through volunteer programs and charitable initiatives.

**Major Tasks, Responsibilities, and Key Accountabilities**

* Manage cash flow by monitoring bank balances, preparing cash forecasts, processing wire transfers, and optimizing working capital utilization
* Develop and maintain financial models for scenario planning, business case analysis, and investment evaluation to support strategic initiatives
* Prepare monthly, quarterly, and annual financial statements including balance sheets, income statements, and cash flow statements with supporting schedules
* Analyze financial data, prepare detailed reports, and present findings to management with actionable insights and recommendations for strategic decision-making
* Research and interpret tax regulations, prepare tax returns, and coordinate with external tax advisors to ensure compliance and optimize tax positions
* Conduct variance analysis comparing actual results to budgets and forecasts, investigating significant deviations and providing explanations to stakeholders
* Support external audit processes by preparing requested documentation, responding to auditor inquiries, and implementing recommendations for internal control improvements
* Assist with budget preparation and forecasting by gathering historical data, analyzing trends, and collaborating with department heads on projections
* Implement and maintain accounting systems and software, recommend process improvements, and automate routine tasks to enhance efficiency and accuracy
* Stay current with changes in accounting standards, tax laws, and financial regulations through continuing professional education and industry publications
* Prepare management reports and dashboards presenting key performance indicators, financial metrics, and trend analysis for executive review
* Process and reconcile accounts payable and receivable transactions, verify accuracy of invoices and payments, and resolve discrepancies in timely manner
* Monitor accounts receivable aging, follow up on overdue payments, and work with sales teams to resolve customer billing issues and improve collections
* Ensure compliance with accounting principles (GAAP), financial regulations, internal controls, and audit requirements through meticulous documentation and process adherence
* Maintain general ledger integrity by posting journal entries, performing month-end closes, and ensuring all transactions are properly classified and recorded

**Qualifications and Requirements**

* Bachelor's degree in relevant discipline required; advanced degree preferred for senior positions
* Previous experience in related field highly desirable but not required for entry-level positions
* Strong computer skills including data entry, file management, and basic troubleshooting capabilities
* Exceptional communication skills with ability to convey complex information clearly to diverse audiences
* Cultural competency and ability to work effectively with diverse populations and perspectives
* Leadership capabilities with experience mentoring, training, or supervising others
* Proven ability to manage multiple priorities, meet deadlines, and adapt to changing circumstances
* Results-driven mindset with history of meeting or exceeding performance goals and targets
* Collaborative team player who also works effectively independently with minimal supervision
* Manual dexterity to operate equipment, tools, and computer keyboards with precision
* Availability to work flexible schedule including evenings, weekends, and holidays as needed
* Ability to pass background check, drug screening, and other pre-employment requirements

**Work Environment and Conditions**

* Professional office setting with business professional or business casual dress code depending on client interaction
* Primarily computer-based work requiring extended focus on financial data, spreadsheets, and analytical software
* Standard business hours Monday through Friday with flexibility based on workload and month-end/year-end closing periods
* Extended hours required during tax season, audit periods, and fiscal year-end close processes
* Minimal physical demands; sedentary position with occasional movement for meetings, printing, and file retrieval
* Collaborative environment requiring both independent work and team coordination on projects and analyses
* May require occasional travel to client sites, company locations, or professional development conferences
* Deadline-driven environment requiring strong time management and ability to maintain accuracy under pressure

**Compensation**

In accordance with our commitment to pay transparency and equity, we provide the following compensation information for this position. We carefully consider a wide range of factors when determining salary including but not limited to: location, relevant education, professional experience, demonstrated skills, and internal equity. Actual compensation will be determined through the interview process and may vary based on these factors.

$55,000 - $120,000 per year based on experience

**Equal Opportunity Employer Statement**

Secure Investments is proud to be an equal opportunity employer committed to building a diverse and inclusive workforce. We believe that diverse perspectives and backgrounds strengthen our organization and drive innovation. We provide equal employment opportunities to all qualified applicants and employees regardless of race, color, religion, sex, gender identity, sexual orientation, national origin, age, disability, veteran status, genetic information, or any other legally protected characteristic.

We are committed to providing reasonable accommodations to individuals with disabilities throughout the application and employment process. If you require accommodation, please contact our Human Resources department to discuss your needs.

All employment decisions are based on qualifications, merit, and business needs. We do not tolerate discrimination or harassment of any kind and maintain a workplace culture of respect, dignity, and professionalism.

"
1457,"**A World-Class Team**

Quality Goods Manufacturing is powered by dedicated professionals who make a real impact every day. Whether you're on the front lines serving customers, supporting operations, or shaping strategic initiatives, your work matters and contributes to our collective success.

We're a team built on purpose and opportunity. Join us and be part of something meaningful.


**Why You'll Love Working Here**

We believe in taking care of our team members. That's why we offer a comprehensive benefits package designed to support your health, well-being, and future – both on and off the job.

**Here's what you can look forward to:**

* **Professional Development:** Access to training programs, tuition reimbursement, and career advancement opportunities.
* **Continuing Education:** Support for professional certifications and continuing education credits.
* **Flexible Spending Accounts:** Pre-tax savings for healthcare and dependent care expenses.
* **Wellness Programs:** Comprehensive wellness initiatives including gym membership discounts and health screenings.
* **401(k) Retirement Plan:** Build your financial future with competitive company match (up to 6% of eligible compensation).
* **Paid Parental Leave:** Bonding time for new parents with paid leave for birth, adoption, or foster placement.
* **Commuter Benefits:** Pre-tax savings on public transportation and parking expenses.
* **Stock Purchase Plan:** Opportunity to purchase company stock at a discount through payroll deductions.
* **Short/Long-Term Disability:** Income protection when you need it most, with both short-term and long-term disability options.
* **Life Insurance:** Company-paid life insurance with options for supplemental coverage for you and your family.
* **Employee Discounts:** Exclusive discounts on products and services, plus perks with partner companies.
* **Employee Assistance Program:** Confidential counseling and support services for you and your household members.

* Eligibility requirements and waiting periods may vary by position and employment status.

**Job Summary**

We are seeking a qualified Safety Manager to join our team. This position plays a vital role in our operations and offers the opportunity to contribute to a dynamic organization committed to excellence. The ideal candidate will bring a combination of technical expertise, professional skills, and personal qualities that align with our values and culture.

**What We Stand For**

At our company, we're built on a foundation of core principles that drive our success:

* **Commitment to Excellence:** Every task, every day, we pursue the highest standards of quality and service.
* **Team First:** We support each other, celebrate wins together, and tackle challenges as a unified team.
* **Continuous Improvement:** We embrace innovation and seek better ways to serve our customers and grow our business.
* **Respect for All:** We create an inclusive environment where diversity is celebrated and every voice matters.
* **Customer Obsession:** Our customers' success is our success – we go above and beyond to exceed expectations.
* **Ethical Leadership:** We lead by example, making decisions guided by integrity and transparency.
* **Work-Life Balance:** We respect that our team members have lives outside of work and support healthy boundaries.

**Major Tasks, Responsibilities, and Key Accountabilities**

* Work collaboratively with team members to optimize workflow, meet production schedules, and support cross-training initiatives for operational flexibility
* Follow detailed work instructions, blueprints, and specifications to ensure products meet customer requirements and industry standards
* Attend safety meetings, training sessions, and toolbox talks to stay current on procedures, regulations, and best practices
* Monitor production processes continuously, adjust machine settings as needed to maintain quality standards, and troubleshoot issues to minimize downtime
* Package finished products according to customer specifications, apply proper labeling, and prepare items for shipment or warehouse storage
* Follow all safety protocols including proper use of personal protective equipment (PPE), lockout/tagout procedures, and emergency response plans
* Operate production machinery and equipment safely and efficiently according to standard operating procedures, meeting quality and productivity targets
* Perform quality control checks throughout production runs using measuring instruments, visual inspections, and testing procedures to ensure product specifications are met
* Maintain clean and organized work areas, properly dispose of waste materials, and ensure compliance with 5S workplace organization principles
* Maintain accurate production records including quantities produced, downtime incidents, quality issues, and material usage for tracking and reporting purposes
* Conduct pre-shift equipment inspections, identify potential issues, perform basic maintenance tasks, and report malfunctions to maintenance team immediately
* Load raw materials, monitor inventory levels during production runs, and communicate supply needs to supervisors to prevent production delays
* Support new employee onboarding by demonstrating proper techniques, sharing knowledge, and promoting a culture of safety and quality

**Qualifications and Requirements**

* High school diploma or equivalent required; Associate's or Bachelor's degree in related field preferred
* Extensive experience required including supervisory or leadership responsibilities in similar environment
* Experience with industry-specific software systems and demonstrated ability to learn new technologies quickly
* Professional demeanor with strong work ethic, reliability, and consistent punctuality
* Exceptional communication skills with ability to convey complex information clearly to diverse audiences
* Leadership capabilities with experience mentoring, training, or supervising others
* Cultural competency and ability to work effectively with diverse populations and perspectives
* Proven ability to manage multiple priorities, meet deadlines, and adapt to changing circumstances
* Strong organizational skills with systematic approach to work and meticulous record-keeping
* Manual dexterity to operate equipment, tools, and computer keyboards with precision
* Availability to work flexible schedule including evenings, weekends, and holidays as needed
* Professional references from previous supervisors or colleagues who can attest to qualifications

**Environmental and Physical Requirements**

* Manufacturing plant environment with exposure to noise levels requiring hearing protection in designated areas
* Physically demanding work including prolonged standing, walking on concrete floors, and repetitive motions throughout shift
* Regular lifting of materials and products weighing up to 50 pounds; team lifts and mechanical assistance for heavier loads
* Work in areas with varying temperatures; may include exposure to heat from machinery or cooler warehouse environments
* Requires use of personal protective equipment including safety glasses, steel-toed boots, gloves, and other PPE as specified
* Exposure to industrial machinery, moving equipment, and forklifts requiring constant awareness and adherence to safety protocols
* 8-12 hour shifts with potential overtime during peak production periods; may include rotating shifts or weekend work
* Confined spaces or elevated work areas in some positions requiring specific certifications and comfort with heights

**Compensation**

In accordance with our commitment to pay transparency and equity, we provide the following compensation information for this position. We carefully consider a wide range of factors when determining salary including but not limited to: location, relevant education, professional experience, demonstrated skills, and internal equity. Actual compensation will be determined through the interview process and may vary based on these factors.

Starting from $16.00 per hour

**Equal Opportunity Employer Statement**

Quality Goods Manufacturing is proud to be an equal opportunity employer committed to building a diverse and inclusive workforce. We believe that diverse perspectives and backgrounds strengthen our organization and drive innovation. We provide equal employment opportunities to all qualified applicants and employees regardless of race, color, religion, sex, gender identity, sexual orientation, national origin, age, disability, veteran status, genetic information, or any other legally protected characteristic.

We are committed to providing reasonable accommodations to individuals with disabilities throughout the application and employment process. If you require accommodation, please contact our Human Resources department to discuss your needs.

All employment decisions are based on qualifications, merit, and business needs. We do not tolerate discrimination or harassment of any kind and maintain a workplace culture of respect, dignity, and professionalism.

"
3262,"**A World-Class Team**

Innovative Assembly Group is powered by dedicated professionals who make a real impact every day. Whether you're on the front lines serving customers, supporting operations, or shaping strategic initiatives, your work matters and contributes to our collective success.

We're a team built on purpose and opportunity. Join us and be part of something meaningful.


**Why You'll Love Working Here**

Our team members are our greatest asset, which is why we provide an exceptional benefits package that demonstrates our commitment to your success and well-being.

**Here's what you can look forward to:**

* **Short/Long-Term Disability:** Income protection when you need it most, with both short-term and long-term disability options.
* **Flexible Spending Accounts:** Pre-tax savings for healthcare and dependent care expenses.
* **Continuing Education:** Support for professional certifications and continuing education credits.
* **Life Insurance:** Company-paid life insurance with options for supplemental coverage for you and your family.
* **Paid Time Off:** Generous PTO including vacation days, personal days, sick leave, and paid holidays.
* **Paid Parental Leave:** Bonding time for new parents with paid leave for birth, adoption, or foster placement.
* **Health Insurance:** Choose from multiple medical plan options with dental and vision coverage available.
* **Employee Assistance Program:** Confidential counseling and support services for you and your household members.
* **Performance Bonuses:** Quarterly and annual bonus opportunities based on individual and company performance.
* **Stock Purchase Plan:** Opportunity to purchase company stock at a discount through payroll deductions.
* **Wellness Programs:** Comprehensive wellness initiatives including gym membership discounts and health screenings.
* **401(k) Retirement Plan:** Build your financial future with competitive company match (up to 6% of eligible compensation).

* Eligibility requirements and waiting periods may vary by position and employment status.

**Job Summary**

We are seeking a qualified Shipping Coordinator to join our team. This position plays a vital role in our operations and offers the opportunity to contribute to a dynamic organization committed to excellence. The ideal candidate will bring a combination of technical expertise, professional skills, and personal qualities that align with our values and culture.

**What We Stand For**

At our company, we're built on a foundation of core principles that drive our success:

* **Commitment to Excellence:** Every task, every day, we pursue the highest standards of quality and service.
* **Team First:** We support each other, celebrate wins together, and tackle challenges as a unified team.
* **Continuous Improvement:** We embrace innovation and seek better ways to serve our customers and grow our business.
* **Respect for All:** We create an inclusive environment where diversity is celebrated and every voice matters.
* **Customer Obsession:** Our customers' success is our success – we go above and beyond to exceed expectations.
* **Ethical Leadership:** We lead by example, making decisions guided by integrity and transparency.
* **Work-Life Balance:** We respect that our team members have lives outside of work and support healthy boundaries.

**Major Tasks, Responsibilities, and Key Accountabilities**

* Attend safety meetings, training sessions, and toolbox talks to stay current on procedures, regulations, and best practices
* Follow all safety protocols including proper use of personal protective equipment (PPE), lockout/tagout procedures, and emergency response plans
* Monitor production processes continuously, adjust machine settings as needed to maintain quality standards, and troubleshoot issues to minimize downtime
* Participate in lean manufacturing initiatives, kaizen events, and process improvement projects to enhance efficiency and reduce waste
* Identify and report safety hazards, quality defects, and process inefficiencies while contributing suggestions for continuous improvement initiatives
* Perform quality control checks throughout production runs using measuring instruments, visual inspections, and testing procedures to ensure product specifications are met
* Maintain clean and organized work areas, properly dispose of waste materials, and ensure compliance with 5S workplace organization principles
* Conduct pre-shift equipment inspections, identify potential issues, perform basic maintenance tasks, and report malfunctions to maintenance team immediately
* Support new employee onboarding by demonstrating proper techniques, sharing knowledge, and promoting a culture of safety and quality
* Package finished products according to customer specifications, apply proper labeling, and prepare items for shipment or warehouse storage
* Operate production machinery and equipment safely and efficiently according to standard operating procedures, meeting quality and productivity targets
* Load raw materials, monitor inventory levels during production runs, and communicate supply needs to supervisors to prevent production delays
* Maintain accurate production records including quantities produced, downtime incidents, quality issues, and material usage for tracking and reporting purposes
* Work collaboratively with team members to optimize workflow, meet production schedules, and support cross-training initiatives for operational flexibility
* Follow detailed work instructions, blueprints, and specifications to ensure products meet customer requirements and industry standards

**Qualifications and Requirements**

* Bachelor's degree in relevant discipline required; advanced degree preferred for senior positions
* Previous experience in related field highly desirable but not required for entry-level positions
* Experience with industry-specific software systems and demonstrated ability to learn new technologies quickly
* Outstanding customer service orientation with patience, empathy, and commitment to exceeding expectations
* Proven ability to manage multiple priorities, meet deadlines, and adapt to changing circumstances
* Results-driven mindset with history of meeting or exceeding performance goals and targets
* Cultural competency and ability to work effectively with diverse populations and perspectives
* Collaborative team player who also works effectively independently with minimal supervision
* Leadership capabilities with experience mentoring, training, or supervising others
* Ability to stand, walk, and remain mobile for extended periods during scheduled shifts
* Capacity to lift, carry, push, and pull objects weighing up to 50 pounds regularly
* Legal authorization to work in the United States with required documentation
* Ability to pass background check, drug screening, and other pre-employment requirements

**Environmental and Physical Requirements**

* Manufacturing plant environment with exposure to noise levels requiring hearing protection in designated areas
* Physically demanding work including prolonged standing, walking on concrete floors, and repetitive motions throughout shift
* Regular lifting of materials and products weighing up to 50 pounds; team lifts and mechanical assistance for heavier loads
* Work in areas with varying temperatures; may include exposure to heat from machinery or cooler warehouse environments
* Requires use of personal protective equipment including safety glasses, steel-toed boots, gloves, and other PPE as specified
* Exposure to industrial machinery, moving equipment, and forklifts requiring constant awareness and adherence to safety protocols
* 8-12 hour shifts with potential overtime during peak production periods; may include rotating shifts or weekend work
* Confined spaces or elevated work areas in some positions requiring specific certifications and comfort with heights

**Compensation**

In accordance with our commitment to pay transparency and equity, we provide the following compensation information for this position. We carefully consider a wide range of factors when determining salary including but not limited to: location, relevant education, professional experience, demonstrated skills, and internal equity. Actual compensation will be determined through the interview process and may vary based on these factors.

Starting from $16.00 per hour

**Equal Opportunity Employer Statement**

Innovative Assembly Group is proud to be an equal opportunity employer committed to building a diverse and inclusive workforce. We believe that diverse perspectives and backgrounds strengthen our organization and drive innovation. We provide equal employment opportunities to all qualified applicants and employees regardless of race, color, religion, sex, gender identity, sexual orientation, national origin, age, disability, veteran status, genetic information, or any other legally protected characteristic.

We are committed to providing reasonable accommodations to individuals with disabilities throughout the application and employment process. If you require accommodation, please contact our Human Resources department to discuss your needs.

All employment decisions are based on qualifications, merit, and business needs. We do not tolerate discrimination or harassment of any kind and maintain a workplace culture of respect, dignity, and professionalism.

"
5021,"**A World-Class Team**

Strategic Communications Group is powered by dedicated professionals who make a real impact every day. Whether you're on the front lines serving customers, supporting operations, or shaping strategic initiatives, your work matters and contributes to our collective success.

We're a team built on purpose and opportunity. Join us and be part of something meaningful.


**Why You'll Love Working Here**

We understand that great benefits matter. Our comprehensive package is designed to support you and your family in all aspects of life.

**Here's what you can look forward to:**

* **Wellness Programs:** Comprehensive wellness initiatives including gym membership discounts and health screenings.
* **Paid Time Off:** Generous PTO including vacation days, personal days, sick leave, and paid holidays.
* **Continuing Education:** Support for professional certifications and continuing education credits.
* **Life Insurance:** Company-paid life insurance with options for supplemental coverage for you and your family.
* **Employee Discounts:** Exclusive discounts on products and services, plus perks with partner companies.
* **Paid Parental Leave:** Bonding time for new parents with paid leave for birth, adoption, or foster placement.
* **Professional Development:** Access to training programs, tuition reimbursement, and career advancement opportunities.
* **Performance Bonuses:** Quarterly and annual bonus opportunities based on individual and company performance.
* **Stock Purchase Plan:** Opportunity to purchase company stock at a discount through payroll deductions.
* **Short/Long-Term Disability:** Income protection when you need it most, with both short-term and long-term disability options.
* **Weekly/Bi-Weekly Pay:** Flexible pay schedule options to help you manage your finances on your terms.

* Eligibility requirements and waiting periods may vary by position and employment status.

**Job Summary**

We are seeking a qualified Communications Director to join our team. This position plays a vital role in our operations and offers the opportunity to contribute to a dynamic organization committed to excellence. The ideal candidate will bring a combination of technical expertise, professional skills, and personal qualities that align with our values and culture.

**Our Team Values**

We believe in creating a workplace where every team member can thrive. Our core values guide everything we do:

* **Integrity:** We act with honesty and transparency in all our interactions, building trust with our team and customers.
* **Excellence:** We strive for flawless execution and hold ourselves accountable for delivering outstanding results.
* **Collaboration:** We work together with respect and inclusion, embracing diverse perspectives to achieve our goals.
* **Innovation:** We move with speed and agility, adapting quickly to meet the evolving needs of our industry.
* **Customer Focus:** We lead with the customer in mind, ensuring every decision creates value and exceeds expectations.
* **Safety:** We maintain a safe and positive environment for our team members and those we serve.
* **Accountability:** We take ownership of our work and deliver on our commitments with pride and professionalism.

**Major Tasks, Responsibilities, and Key Accountabilities**

* Prepare marketing reports and presentations for leadership, clearly communicating results, challenges, and recommendations for future initiatives
* Maintain brand consistency across all marketing touchpoints, ensuring adherence to brand guidelines in messaging, visual identity, and tone
* Develop and maintain relationships with media contacts, vendors, partners, and industry influencers to expand brand reach and secure coverage opportunities
* Manage marketing budgets, track expenses, optimize spending across channels, and report on budget performance to stakeholders
* Develop and execute comprehensive marketing campaigns across multiple channels including digital, social media, email, and traditional media to achieve business objectives
* Conduct market research and competitive analysis to identify trends, opportunities, and customer preferences, translating findings into actionable marketing strategies
* Manage customer relationship management (CRM) system data, track customer interactions, and leverage insights for personalized marketing approaches
* Monitor industry trends, emerging technologies, and competitor activities to identify opportunities for innovation and maintain competitive advantage
* Analyze campaign performance using analytics tools, track key performance indicators (KPIs), and generate insights to optimize strategies and improve ROI
* Create compelling content including blog posts, social media updates, email newsletters, and website copy that aligns with brand voice and engages target audiences
* Implement email marketing campaigns using automation platforms, segment audiences, conduct A/B testing, and optimize for deliverability and engagement
* Manage social media accounts across platforms, develop content calendars, engage with followers, and grow online communities through authentic interactions
* Coordinate events and promotional activities including trade shows, webinars, product launches, and community events from planning through execution
* Support lead generation efforts through content marketing, SEO optimization, paid advertising, and conversion rate optimization strategies

**Qualifications and Requirements**

* High school diploma or equivalent required; Associate's or Bachelor's degree in related field preferred
* Minimum 2-3 years of progressive experience in similar role within the industry
* Proficiency with Microsoft Office Suite including Excel, Word, PowerPoint, and Outlook required
* Technical certification or licensure in relevant specialty area required or ability to obtain within specified timeframe
* Cultural competency and ability to work effectively with diverse populations and perspectives
* Results-driven mindset with history of meeting or exceeding performance goals and targets
* Professional demeanor with strong work ethic, reliability, and consistent punctuality
* Strong analytical and problem-solving abilities with keen attention to detail and accuracy
* Strong organizational skills with systematic approach to work and meticulous record-keeping
* Stamina to perform physical tasks in varying weather conditions and environmental settings
* Manual dexterity to operate equipment, tools, and computer keyboards with precision
* Legal authorization to work in the United States with required documentation
* Professional references from previous supervisors or colleagues who can attest to qualifications

**Work Environment**

* Creative office environment with mix of individual workspace and collaborative areas for team brainstorming and meetings
* Computer-intensive work involving extended screen time for design, analytics, content creation, and campaign management
* Standard business hours with flexibility for remote work, though extended hours may be needed for campaign launches and events
* Occasional evening and weekend availability for events, tradeshows, conferences, and time-sensitive campaign activities
* Travel may be required for industry conferences, client meetings, vendor visits, and company events (typically under 15%)
* Fast-paced environment with multiple concurrent projects requiring excellent organizational skills and deadline management
* Collaborative culture emphasizing creativity, innovation, and cross-functional teamwork across departments
* Professional or creative business casual dress code depending on client meetings and company culture

**Compensation**

In accordance with our commitment to pay transparency and equity, we provide the following compensation information for this position. We carefully consider a wide range of factors when determining salary including but not limited to: location, relevant education, professional experience, demonstrated skills, and internal equity. Actual compensation will be determined through the interview process and may vary based on these factors.

Competitive salary starting at $45,000 annually

**Equal Opportunity Employer Statement**

Strategic Communications Group is proud to be an equal opportunity employer committed to building a diverse and inclusive workforce. We believe that diverse perspectives and backgrounds strengthen our organization and drive innovation. We provide equal employment opportunities to all qualified applicants and employees regardless of race, color, religion, sex, gender identity, sexual orientation, national origin, age, disability, veteran status, genetic information, or any other legally protected characteristic.

We are committed to providing reasonable accommodations to individuals with disabilities throughout the application and employment process. If you require accommodation, please contact our Human Resources department to discuss your needs.

All employment decisions are based on qualifications, merit, and business needs. We do not tolerate discrimination or harassment of any kind and maintain a workplace culture of respect, dignity, and professionalism.

"
71,"**A World-Class Team**

CodeCraft Inc. is powered by dedicated professionals who make a real impact every day. Whether you're on the front lines serving customers, supporting operations, or shaping strategic initiatives, your work matters and contributes to our collective success.

We're a team built on purpose and opportunity. Join us and be part of something meaningful.


**Why You'll Love Working Here**

We believe in taking care of our team members. That's why we offer a comprehensive benefits package designed to support your health, well-being, and future – both on and off the job.

**Here's what you can look forward to:**

* **Weekly/Bi-Weekly Pay:** Flexible pay schedule options to help you manage your finances on your terms.
* **Life Insurance:** Company-paid life insurance with options for supplemental coverage for you and your family.
* **Commuter Benefits:** Pre-tax savings on public transportation and parking expenses.
* **Stock Purchase Plan:** Opportunity to purchase company stock at a discount through payroll deductions.
* **Continuing Education:** Support for professional certifications and continuing education credits.
* **Professional Development:** Access to training programs, tuition reimbursement, and career advancement opportunities.
* **Wellness Programs:** Comprehensive wellness initiatives including gym membership discounts and health screenings.
* **Short/Long-Term Disability:** Income protection when you need it most, with both short-term and long-term disability options.
* **Employee Assistance Program:** Confidential counseling and support services for you and your household members.

* Eligibility requirements and waiting periods may vary by position and employment status.

**Job Summary**

We are seeking a qualified Site Reliability Engineer to join our team. This position plays a vital role in our operations and offers the opportunity to contribute to a dynamic organization committed to excellence. The ideal candidate will bring a combination of technical expertise, professional skills, and personal qualities that align with our values and culture.

**Our Team Values**

We believe in creating a workplace where every team member can thrive. Our core values guide everything we do:

* **Integrity:** We act with honesty and transparency in all our interactions, building trust with our team and customers.
* **Excellence:** We strive for flawless execution and hold ourselves accountable for delivering outstanding results.
* **Collaboration:** We work together with respect and inclusion, embracing diverse perspectives to achieve our goals.
* **Innovation:** We move with speed and agility, adapting quickly to meet the evolving needs of our industry.
* **Customer Focus:** We lead with the customer in mind, ensuring every decision creates value and exceeds expectations.
* **Safety:** We maintain a safe and positive environment for our team members and those we serve.
* **Accountability:** We take ownership of our work and deliver on our commitments with pride and professionalism.

**Major Tasks, Responsibilities, and Key Accountabilities**

* Troubleshoot complex technical issues, perform root cause analysis, and implement effective solutions while documenting findings for knowledge sharing
* Stay current with emerging technologies, industry trends, and best practices by attending conferences, participating in tech communities, and pursuing continuous education
* Implement security best practices including input validation, encryption, authentication mechanisms, and regular security audits to protect sensitive data
* Mentor junior developers through pair programming, code reviews, and knowledge sharing sessions, fostering a culture of continuous learning
* Maintain and enhance CI/CD pipelines for automated testing and deployment, ensuring reliable and efficient release processes
* Create and maintain comprehensive technical documentation including architecture diagrams, API specifications, and deployment procedures
* Design, develop, and implement scalable software solutions using modern programming languages, frameworks, and best practices while ensuring code quality and maintainability
* Monitor production systems using logging and monitoring tools, respond to alerts, and participate in on-call rotation to ensure system reliability
* Collaborate with DevOps teams to ensure proper infrastructure provisioning, monitoring, and scaling of applications in cloud environments
* Write clean, well-documented, and thoroughly tested code following established coding standards and conducting peer code reviews to maintain high-quality codebase
* Participate in agile development processes including sprint planning, daily standups, retrospectives, and demonstrations, contributing to continuous team improvement
* Contribute to technical architecture decisions, evaluate new technologies and tools, and make recommendations for improving development processes and infrastructure
* Collaborate with cross-functional teams including product managers, designers, and other engineers to define requirements, architect solutions, and deliver features on schedule

**Qualifications and Requirements**

* High school diploma required with demonstrated technical aptitude and willingness to learn
* 5+ years of professional experience with demonstrated track record of success and increasing responsibilities
* Technical certification or licensure in relevant specialty area required or ability to obtain within specified timeframe
* Cultural competency and ability to work effectively with diverse populations and perspectives
* Results-driven mindset with history of meeting or exceeding performance goals and targets
* Exceptional communication skills with ability to convey complex information clearly to diverse audiences
* Outstanding customer service orientation with patience, empathy, and commitment to exceeding expectations
* Leadership capabilities with experience mentoring, training, or supervising others
* Strong analytical and problem-solving abilities with keen attention to detail and accuracy
* Manual dexterity to operate equipment, tools, and computer keyboards with precision
* Ability to stand, walk, and remain mobile for extended periods during scheduled shifts
* Availability to work flexible schedule including evenings, weekends, and holidays as needed
* Ability to pass background check, drug screening, and other pre-employment requirements

**Work Environment**

* Professional office setting with ergonomic workstations and modern technology infrastructure
* Primarily sedentary work involving extended periods at computer workstations requiring proper posture and periodic breaks
* Collaborative open office layout with access to quiet spaces for focused work and meeting rooms for team collaboration
* Occasional travel may be required for conferences, client meetings, or team events (less than 10% typically)
* Standard business hours with flexibility for remote work options and occasional extended hours during critical project phases
* May participate in on-call rotation for production support requiring responsiveness outside normal business hours
* Minimal physical demands beyond standard office activities; accommodations available for individuals with disabilities

**Compensation**

In accordance with our commitment to pay transparency and equity, we provide the following compensation information for this position. We carefully consider a wide range of factors when determining salary including but not limited to: location, relevant education, professional experience, demonstrated skills, and internal equity. Actual compensation will be determined through the interview process and may vary based on these factors.

Competitive salary starting at $70,000 annually

**Equal Opportunity Employer Statement**

CodeCraft Inc. is proud to be an equal opportunity employer committed to building a diverse and inclusive workforce. We believe that diverse perspectives and backgrounds strengthen our organization and drive innovation. We provide equal employment opportunities to all qualified applicants and employees regardless of race, color, religion, sex, gender identity, sexual orientation, national origin, age, disability, veteran status, genetic information, or any other legally protected characteristic.

We are committed to providing reasonable accommodations to individuals with disabilities throughout the application and employment process. If you require accommodation, please contact our Human Resources department to discuss your needs.

All employment decisions are based on qualifications, merit, and business needs. We do not tolerate discrimination or harassment of any kind and maintain a workplace culture of respect, dignity, and professionalism.

"
103,"**A World-Class Team**

Cornerstone Builders is powered by dedicated professionals who make a real impact every day. Whether you're on the front lines serving customers, supporting operations, or shaping strategic initiatives, your work matters and contributes to our collective success.

We're a team built on purpose and opportunity. Join us and be part of something meaningful.


**Why You'll Love Working Here**

Our team members are our greatest asset, which is why we provide an exceptional benefits package that demonstrates our commitment to your success and well-being.

**Here's what you can look forward to:**

* **Life Insurance:** Company-paid life insurance with options for supplemental coverage for you and your family.
* **Flexible Spending Accounts:** Pre-tax savings for healthcare and dependent care expenses.
* **Short/Long-Term Disability:** Income protection when you need it most, with both short-term and long-term disability options.
* **Professional Development:** Access to training programs, tuition reimbursement, and career advancement opportunities.
* **Employee Assistance Program:** Confidential counseling and support services for you and your household members.
* **Commuter Benefits:** Pre-tax savings on public transportation and parking expenses.
* **Paid Time Off:** Generous PTO including vacation days, personal days, sick leave, and paid holidays.
* **Continuing Education:** Support for professional certifications and continuing education credits.
* **Performance Bonuses:** Quarterly and annual bonus opportunities based on individual and company performance.
* **Wellness Programs:** Comprehensive wellness initiatives including gym membership discounts and health screenings.
* **Paid Parental Leave:** Bonding time for new parents with paid leave for birth, adoption, or foster placement.
* **Health Insurance:** Choose from multiple medical plan options with dental and vision coverage available.

* Eligibility requirements and waiting periods may vary by position and employment status.

**Job Summary**

We are seeking a qualified Masonry Worker to join our team. This position plays a vital role in our operations and offers the opportunity to contribute to a dynamic organization committed to excellence. The ideal candidate will bring a combination of technical expertise, professional skills, and personal qualities that align with our values and culture.

**Our Culture**

Join a team that values your contributions and invests in your success:

* **Empowerment:** We trust our team members to make decisions and take ownership of their work.
* **Recognition:** We celebrate achievements and reward excellence through our comprehensive recognition programs.
* **Development:** We invest in your growth with training, mentorship, and clear career progression paths.
* **Inclusivity:** We embrace diversity and create a welcoming environment for people of all backgrounds.
* **Communication:** We maintain open, transparent dialogue at all levels of the organization.
* **Safety First:** Your well-being is our priority – we maintain rigorous safety standards and protocols.
* **Community:** We give back to the communities we serve through volunteer programs and charitable initiatives.

**Major Tasks, Responsibilities, and Key Accountabilities**

* Maintain tools and equipment in good working condition through regular cleaning, minor repairs, and proper storage, reporting needed replacements to supervisors
* Operate hand tools, power tools, and heavy equipment safely and efficiently, following manufacturer guidelines and OSHA safety regulations
* Protect existing structures and finished surfaces during construction activities, using appropriate covering materials and exercising care when working in occupied spaces
* Participate in pre-construction meetings, daily huddles, and project close-out activities, contributing input on scheduling, logistics, and lessons learned
* Maintain clean and organized work areas, properly dispose of construction debris, and ensure compliance with site housekeeping standards and environmental regulations
* Perform construction tasks according to project specifications, blueprints, and building codes while maintaining high standards of workmanship and attention to detail
* Collaborate with team members, subcontractors, and supervisors to coordinate activities, troubleshoot issues, and ensure project milestones are met on schedule
* Conduct daily safety inspections, identify hazards, report unsafe conditions immediately, and participate in toolbox talks and safety training sessions
* Respond to changing project conditions and last-minute modifications, adapting work approaches while maintaining quality standards and safety protocols
* Read and interpret construction documents including blueprints, specifications, shop drawings, and technical diagrams to execute work accurately
* Document daily activities including hours worked, materials used, and progress made, reporting information to supervisors for project tracking purposes
* Load and unload materials, transport supplies to work areas, and operate material handling equipment including forklifts and pallet jacks when certified

**Qualifications and Requirements**

* High school diploma required with demonstrated technical aptitude and willingness to learn
* Extensive experience required including supervisory or leadership responsibilities in similar environment
* Experience with industry-specific software systems and demonstrated ability to learn new technologies quickly
* Results-driven mindset with history of meeting or exceeding performance goals and targets
* Strong analytical and problem-solving abilities with keen attention to detail and accuracy
* Strong organizational skills with systematic approach to work and meticulous record-keeping
* Outstanding customer service orientation with patience, empathy, and commitment to exceeding expectations
* Proven ability to manage multiple priorities, meet deadlines, and adapt to changing circumstances
* Ability to stand, walk, and remain mobile for extended periods during scheduled shifts
* Capacity to lift, carry, push, and pull objects weighing up to 50 pounds regularly
* Valid driver's license with clean driving record required for positions involving vehicle operation
* Availability to work flexible schedule including evenings, weekends, and holidays as needed
* Professional references from previous supervisors or colleagues who can attest to qualifications

**Physical Demands and Job Site Conditions**

* Outdoor construction environment requiring work in all weather conditions including heat, cold, rain, and varying temperatures
* Extremely physically demanding work including heavy lifting (50+ pounds regularly), climbing, bending, and sustained physical effort
* Work at heights on ladders, scaffolding, or elevated platforms requiring comfort with heights and proper safety equipment use
* Exposure to loud noise from power tools and equipment requiring hearing protection and adherence to OSHA standards
* Confined spaces, trenches, and challenging work positions requiring flexibility, strength, and specific safety training
* Requires wearing personal protective equipment including hard hats, safety glasses, gloves, and steel-toed boots at all times
* Early start times typical (6:00-7:00 AM) with 8-10 hour days; overtime and weekend work common during peak season
* Exposure to dust, fumes, chemicals, and construction materials requiring respiratory protection in certain situations

**Compensation**

In accordance with our commitment to pay transparency and equity, we provide the following compensation information for this position. We carefully consider a wide range of factors when determining salary including but not limited to: location, relevant education, professional experience, demonstrated skills, and internal equity. Actual compensation will be determined through the interview process and may vary based on these factors.

Starting from $18.00 per hour

**Equal Opportunity Employer Statement**

Cornerstone Builders is proud to be an equal opportunity employer committed to building a diverse and inclusive workforce. We believe that diverse perspectives and backgrounds strengthen our organization and drive innovation. We provide equal employment opportunities to all qualified applicants and employees regardless of race, color, religion, sex, gender identity, sexual orientation, national origin, age, disability, veteran status, genetic information, or any other legally protected characteristic.

We are committed to providing reasonable accommodations to individuals with disabilities throughout the application and employment process. If you require accommodation, please contact our Human Resources department to discuss your needs.

All employment decisions are based on qualifications, merit, and business needs. We do not tolerate discrimination or harassment of any kind and maintain a workplace culture of respect, dignity, and professionalism.

"
3220,"**A World-Class Team**

Academic Success Center is powered by dedicated professionals who make a real impact every day. Whether you're on the front lines serving customers, supporting operations, or shaping strategic initiatives, your work matters and contributes to our collective success.

We're a team built on purpose and opportunity. Join us and be part of something meaningful.


**Why You'll Love Working Here**

We believe in taking care of our team members. That's why we offer a comprehensive benefits package designed to support your health, well-being, and future – both on and off the job.

**Here's what you can look forward to:**

* **Stock Purchase Plan:** Opportunity to purchase company stock at a discount through payroll deductions.
* **Paid Time Off:** Generous PTO including vacation days, personal days, sick leave, and paid holidays.
* **Short/Long-Term Disability:** Income protection when you need it most, with both short-term and long-term disability options.
* **Flexible Spending Accounts:** Pre-tax savings for healthcare and dependent care expenses.
* **Employee Discounts:** Exclusive discounts on products and services, plus perks with partner companies.
* **Health Insurance:** Choose from multiple medical plan options with dental and vision coverage available.
* **Paid Parental Leave:** Bonding time for new parents with paid leave for birth, adoption, or foster placement.
* **Wellness Programs:** Comprehensive wellness initiatives including gym membership discounts and health screenings.
* **Professional Development:** Access to training programs, tuition reimbursement, and career advancement opportunities.

* Eligibility requirements and waiting periods may vary by position and employment status.

**Job Summary**

We are seeking a qualified English Teacher to join our team. This position plays a vital role in our operations and offers the opportunity to contribute to a dynamic organization committed to excellence. The ideal candidate will bring a combination of technical expertise, professional skills, and personal qualities that align with our values and culture.

**Our Team Values**

We believe in creating a workplace where every team member can thrive. Our core values guide everything we do:

* **Integrity:** We act with honesty and transparency in all our interactions, building trust with our team and customers.
* **Excellence:** We strive for flawless execution and hold ourselves accountable for delivering outstanding results.
* **Collaboration:** We work together with respect and inclusion, embracing diverse perspectives to achieve our goals.
* **Innovation:** We move with speed and agility, adapting quickly to meet the evolving needs of our industry.
* **Customer Focus:** We lead with the customer in mind, ensuring every decision creates value and exceeds expectations.
* **Safety:** We maintain a safe and positive environment for our team members and those we serve.
* **Accountability:** We take ownership of our work and deliver on our commitments with pride and professionalism.

**Major Tasks, Responsibilities, and Key Accountabilities**

* Adapt curriculum and teaching methods for students with special needs, working closely with special education staff to implement accommodations and modifications
* Supervise students during class time, transitions, lunch periods, and other assigned duties, ensuring safety and appropriate behavior at all times
* Organize and maintain classroom environment with appropriate learning materials, visual aids, and resources that support instructional objectives
* Participate in professional development activities, pursue continuing education opportunities, and stay current with educational research and pedagogical innovations
* Implement positive behavior management strategies, establish clear classroom expectations, and address disciplinary issues consistently and fairly
* Participate in school committees, attend faculty meetings, and contribute to school improvement initiatives and community events
* Collaborate with fellow teachers, administrators, counselors, and support staff to coordinate curriculum, share best practices, and address student needs holistically
* Assess student learning through formative and summative evaluations, analyze results to inform instruction, and provide timely, constructive feedback to support improvement
* Communicate regularly with parents and guardians through conferences, progress reports, emails, and phone calls regarding student academic performance and behavior
* Create inclusive classroom environment that promotes respect, encourages participation, and supports social-emotional development alongside academic growth
* Develop and implement engaging, standards-aligned lesson plans that accommodate diverse learning styles and differentiate instruction for students of varying abilities
* Integrate technology effectively into instruction using learning management systems, educational software, and digital resources to enhance student learning
* Foster critical thinking skills, encourage student inquiry, and create opportunities for authentic learning experiences that connect content to real-world applications

**Qualifications and Requirements**

* High school diploma required with demonstrated technical aptitude and willingness to learn
* Minimum 2-3 years of progressive experience in similar role within the industry
* Technical certification or licensure in relevant specialty area required or ability to obtain within specified timeframe
* Strong computer skills including data entry, file management, and basic troubleshooting capabilities
* Strong analytical and problem-solving abilities with keen attention to detail and accuracy
* Professional demeanor with strong work ethic, reliability, and consistent punctuality
* Outstanding customer service orientation with patience, empathy, and commitment to exceeding expectations
* Cultural competency and ability to work effectively with diverse populations and perspectives
* Leadership capabilities with experience mentoring, training, or supervising others
* Proven ability to manage multiple priorities, meet deadlines, and adapt to changing circumstances
* Exceptional communication skills with ability to convey complex information clearly to diverse audiences
* Visual acuity to read documents, computer screens, and observe details at varying distances
* Ability to stand, walk, and remain mobile for extended periods during scheduled shifts
* Ability to pass background check, drug screening, and other pre-employment requirements
* Professional references from previous supervisors or colleagues who can attest to qualifications

**Physical and Environmental Requirements**

* Classroom environment requiring standing, walking, and movement throughout the day while instructing and supervising students
* Vocal demands from continuous speaking and projecting voice to groups of varying sizes throughout instructional day
* Occasional lifting of instructional materials, books, and supplies weighing up to 25 pounds when organizing classroom
* Extended periods of close work including reading student papers, grading assignments, and preparing materials
* Exposure to common childhood illnesses and need for maintaining healthy practices and hand hygiene
* May supervise students in various settings including playground, cafeteria, hallways, and off-campus field trips
* School year schedule with planning time, professional development days, and typical summer break period
* Evening and weekend time required for lesson planning, grading, parent conferences, and school events

**Compensation**

In accordance with our commitment to pay transparency and equity, we provide the following compensation information for this position. We carefully consider a wide range of factors when determining salary including but not limited to: location, relevant education, professional experience, demonstrated skills, and internal equity. Actual compensation will be determined through the interview process and may vary based on these factors.

$40,000 - $85,000 per year based on experience

**Equal Opportunity Employer Statement**

Academic Success Center is proud to be an equal opportunity employer committed to building a diverse and inclusive workforce. We believe that diverse perspectives and backgrounds strengthen our organization and drive innovation. We provide equal employment opportunities to all qualified applicants and employees regardless of race, color, religion, sex, gender identity, sexual orientation, national origin, age, disability, veteran status, genetic information, or any other legally protected characteristic.

We are committed to providing reasonable accommodations to individuals with disabilities throughout the application and employment process. If you require accommodation, please contact our Human Resources department to discuss your needs.

All employment decisions are based on qualifications, merit, and business needs. We do not tolerate discrimination or harassment of any kind and maintain a workplace culture of respect, dignity, and professionalism.

"
2379,"**A World-Class Team**

Evergreen Solutions is powered by dedicated professionals who make a real impact every day. Whether you're on the front lines serving customers, supporting operations, or shaping strategic initiatives, your work matters and contributes to our collective success.

We're a team built on purpose and opportunity. Join us and be part of something meaningful.


**Why You'll Love Working Here**

We believe in taking care of our team members. That's why we offer a comprehensive benefits package designed to support your health, well-being, and future – both on and off the job.

**Here's what you can look forward to:**

* **Paid Time Off:** Generous PTO including vacation days, personal days, sick leave, and paid holidays.
* **Professional Development:** Access to training programs, tuition reimbursement, and career advancement opportunities.
* **Employee Assistance Program:** Confidential counseling and support services for you and your household members.
* **Short/Long-Term Disability:** Income protection when you need it most, with both short-term and long-term disability options.
* **Performance Bonuses:** Quarterly and annual bonus opportunities based on individual and company performance.
* **Wellness Programs:** Comprehensive wellness initiatives including gym membership discounts and health screenings.
* **Continuing Education:** Support for professional certifications and continuing education credits.
* **Weekly/Bi-Weekly Pay:** Flexible pay schedule options to help you manage your finances on your terms.
* **Life Insurance:** Company-paid life insurance with options for supplemental coverage for you and your family.
* **Commuter Benefits:** Pre-tax savings on public transportation and parking expenses.
* **401(k) Retirement Plan:** Build your financial future with competitive company match (up to 6% of eligible compensation).

* Eligibility requirements and waiting periods may vary by position and employment status.

**Job Summary**

We are seeking a qualified Tree Trimmer to join our team. This position plays a vital role in our operations and offers the opportunity to contribute to a dynamic organization committed to excellence. The ideal candidate will bring a combination of technical expertise, professional skills, and personal qualities that align with our values and culture.

**What We Stand For**

At our company, we're built on a foundation of core principles that drive our success:

* **Commitment to Excellence:** Every task, every day, we pursue the highest standards of quality and service.
* **Team First:** We support each other, celebrate wins together, and tackle challenges as a unified team.
* **Continuous Improvement:** We embrace innovation and seek better ways to serve our customers and grow our business.
* **Respect for All:** We create an inclusive environment where diversity is celebrated and every voice matters.
* **Customer Obsession:** Our customers' success is our success – we go above and beyond to exceed expectations.
* **Ethical Leadership:** We lead by example, making decisions guided by integrity and transparency.
* **Work-Life Balance:** We respect that our team members have lives outside of work and support healthy boundaries.

**Major Tasks, Responsibilities, and Key Accountabilities**

* Follow sustainable landscaping practices including water conservation, organic methods, native plant installation, and environmentally responsible disposal
* Conduct property assessments, prepare estimates for new projects, and make recommendations for improvements that enhance curb appeal and property value
* Maintain company vehicles and equipment through daily inspections, cleaning, fueling, and reporting maintenance needs to prevent breakdowns
* Document services performed, take before and after photos, track materials used, and maintain accurate records for billing and quality assurance purposes
* Prepare landscape beds through soil preparation, mulching, edging, and planting, creating attractive and sustainable garden spaces for clients
* Construct hardscape features including patios, walkways, retaining walls, and decorative elements using pavers, stone, and other materials
* Apply fertilizers, pesticides, and herbicides according to state regulations and company procedures, maintaining proper application records and safety data sheets
* Design and install irrigation systems, program controllers, troubleshoot issues, and perform seasonal adjustments to ensure optimal water efficiency and plant health
* Train and supervise crew members, assign daily tasks, ensure quality standards are met, and promote safe work practices throughout all operations
* Perform comprehensive landscape maintenance including mowing, edging, trimming, weeding, and blowing to maintain properties at highest aesthetic standards
* Operate and maintain landscaping equipment including mowers, trimmers, blowers, aerators, and power tools, following safety protocols and performing routine maintenance
* Diagnose and treat plant diseases, pest infestations, and nutrient deficiencies, implementing integrated pest management strategies for sustainable solutions
* Install and maintain plants, trees, shrubs, and flowers according to design specifications, considering sun exposure, soil conditions, and seasonal factors
* Communicate professionally with clients regarding service schedules, project progress, plant care recommendations, and additional service opportunities

**Qualifications and Requirements**

* Bachelor's degree in relevant discipline required; advanced degree preferred for senior positions
* Previous experience in related field highly desirable but not required for entry-level positions
* Experience with industry-specific software systems and demonstrated ability to learn new technologies quickly
* Leadership capabilities with experience mentoring, training, or supervising others
* Outstanding customer service orientation with patience, empathy, and commitment to exceeding expectations
* Professional demeanor with strong work ethic, reliability, and consistent punctuality
* Proven ability to manage multiple priorities, meet deadlines, and adapt to changing circumstances
* Strong organizational skills with systematic approach to work and meticulous record-keeping
* Strong analytical and problem-solving abilities with keen attention to detail and accuracy
* Ability to stand, walk, and remain mobile for extended periods during scheduled shifts
* Availability to work flexible schedule including evenings, weekends, and holidays as needed
* Legal authorization to work in the United States with required documentation
* Professional references from previous supervisors or colleagues who can attest to qualifications

**Physical Requirements and Working Conditions**

* Outdoor work in all weather conditions including extreme heat, cold, humidity, and precipitation throughout the year
* Extremely physically demanding including continuous heavy lifting (50+ pounds), bending, kneeling, and repetitive motions
* Extended periods of standing, walking on uneven terrain, reaching, and working in awkward positions for plant care and installation
* Operation of loud power equipment requiring hearing protection and exposure to vibration from tools and machinery
* Exposure to plants, pollens, pesticides, fertilizers, and other chemicals requiring proper protective equipment and handling
* Early start times (typically 6:00-7:00 AM) with 8-10 hour days; longer hours during peak growing season (spring and summer)
* Work on residential and commercial properties requiring professional appearance and customer interaction skills
* Requires valid driver's license for operating company vehicles and transporting equipment to job sites
* Seasonal variations in hours and activities; potential for reduced hours during winter months depending on climate

**Compensation**

In accordance with our commitment to pay transparency and equity, we provide the following compensation information for this position. We carefully consider a wide range of factors when determining salary including but not limited to: location, relevant education, professional experience, demonstrated skills, and internal equity. Actual compensation will be determined through the interview process and may vary based on these factors.

Starting from $15.00 per hour

**Equal Opportunity Employer Statement**

Evergreen Solutions is proud to be an equal opportunity employer committed to building a diverse and inclusive workforce. We believe that diverse perspectives and backgrounds strengthen our organization and drive innovation. We provide equal employment opportunities to all qualified applicants and employees regardless of race, color, religion, sex, gender identity, sexual orientation, national origin, age, disability, veteran status, genetic information, or any other legally protected characteristic.

We are committed to providing reasonable accommodations to individuals with disabilities throughout the application and employment process. If you require accommodation, please contact our Human Resources department to discuss your needs.

All employment decisions are based on qualifications, merit, and business needs. We do not tolerate discrimination or harassment of any kind and maintain a workplace culture of respect, dignity, and professionalism.

"
1150,"**A World-Class Team**

Integrity Building Services is powered by dedicated professionals who make a real impact every day. Whether you're on the front lines serving customers, supporting operations, or shaping strategic initiatives, your work matters and contributes to our collective success.

We're a team built on purpose and opportunity. Join us and be part of something meaningful.


**Why You'll Love Working Here**

We understand that great benefits matter. Our comprehensive package is designed to support you and your family in all aspects of life.

**Here's what you can look forward to:**

* **Commuter Benefits:** Pre-tax savings on public transportation and parking expenses.
* **Employee Discounts:** Exclusive discounts on products and services, plus perks with partner companies.
* **Paid Parental Leave:** Bonding time for new parents with paid leave for birth, adoption, or foster placement.
* **Flexible Spending Accounts:** Pre-tax savings for healthcare and dependent care expenses.
* **Health Insurance:** Choose from multiple medical plan options with dental and vision coverage available.
* **Continuing Education:** Support for professional certifications and continuing education credits.
* **Stock Purchase Plan:** Opportunity to purchase company stock at a discount through payroll deductions.
* **Paid Time Off:** Generous PTO including vacation days, personal days, sick leave, and paid holidays.

* Eligibility requirements and waiting periods may vary by position and employment status.

**Job Summary**

We are seeking a qualified Welder to join our team. This position plays a vital role in our operations and offers the opportunity to contribute to a dynamic organization committed to excellence. The ideal candidate will bring a combination of technical expertise, professional skills, and personal qualities that align with our values and culture.

**What We Stand For**

At our company, we're built on a foundation of core principles that drive our success:

* **Commitment to Excellence:** Every task, every day, we pursue the highest standards of quality and service.
* **Team First:** We support each other, celebrate wins together, and tackle challenges as a unified team.
* **Continuous Improvement:** We embrace innovation and seek better ways to serve our customers and grow our business.
* **Respect for All:** We create an inclusive environment where diversity is celebrated and every voice matters.
* **Customer Obsession:** Our customers' success is our success – we go above and beyond to exceed expectations.
* **Ethical Leadership:** We lead by example, making decisions guided by integrity and transparency.
* **Work-Life Balance:** We respect that our team members have lives outside of work and support healthy boundaries.

**Major Tasks, Responsibilities, and Key Accountabilities**

* Perform construction tasks according to project specifications, blueprints, and building codes while maintaining high standards of workmanship and attention to detail
* Prepare work sites by setting up barriers, signage, and safety equipment, organizing materials and tools, and ensuring proper staging for efficient workflow
* Read and interpret construction documents including blueprints, specifications, shop drawings, and technical diagrams to execute work accurately
* Collaborate with team members, subcontractors, and supervisors to coordinate activities, troubleshoot issues, and ensure project milestones are met on schedule
* Operate hand tools, power tools, and heavy equipment safely and efficiently, following manufacturer guidelines and OSHA safety regulations
* Document daily activities including hours worked, materials used, and progress made, reporting information to supervisors for project tracking purposes
* Participate in pre-construction meetings, daily huddles, and project close-out activities, contributing input on scheduling, logistics, and lessons learned
* Conduct daily safety inspections, identify hazards, report unsafe conditions immediately, and participate in toolbox talks and safety training sessions
* Load and unload materials, transport supplies to work areas, and operate material handling equipment including forklifts and pallet jacks when certified
* Perform quality control checks throughout construction process, identifying defects or deviations from specifications and taking corrective action promptly
* Measure, cut, and install materials precisely using appropriate tools and techniques, verifying measurements and making adjustments as needed for proper fit
* Maintain clean and organized work areas, properly dispose of construction debris, and ensure compliance with site housekeeping standards and environmental regulations
* Respond to changing project conditions and last-minute modifications, adapting work approaches while maintaining quality standards and safety protocols
* Maintain tools and equipment in good working condition through regular cleaning, minor repairs, and proper storage, reporting needed replacements to supervisors
* Protect existing structures and finished surfaces during construction activities, using appropriate covering materials and exercising care when working in occupied spaces

**Qualifications and Requirements**

* Bachelor's degree in relevant discipline required; advanced degree preferred for senior positions
* 5+ years of professional experience with demonstrated track record of success and increasing responsibilities
* Strong computer skills including data entry, file management, and basic troubleshooting capabilities
* Technical certification or licensure in relevant specialty area required or ability to obtain within specified timeframe
* Cultural competency and ability to work effectively with diverse populations and perspectives
* Exceptional communication skills with ability to convey complex information clearly to diverse audiences
* Leadership capabilities with experience mentoring, training, or supervising others
* Proven ability to manage multiple priorities, meet deadlines, and adapt to changing circumstances
* Professional demeanor with strong work ethic, reliability, and consistent punctuality
* Outstanding customer service orientation with patience, empathy, and commitment to exceeding expectations
* Strong analytical and problem-solving abilities with keen attention to detail and accuracy
* Ability to stand, walk, and remain mobile for extended periods during scheduled shifts
* Capacity to lift, carry, push, and pull objects weighing up to 50 pounds regularly
* Legal authorization to work in the United States with required documentation
* Availability to work flexible schedule including evenings, weekends, and holidays as needed

**Physical Demands and Job Site Conditions**

* Outdoor construction environment requiring work in all weather conditions including heat, cold, rain, and varying temperatures
* Extremely physically demanding work including heavy lifting (50+ pounds regularly), climbing, bending, and sustained physical effort
* Work at heights on ladders, scaffolding, or elevated platforms requiring comfort with heights and proper safety equipment use
* Exposure to loud noise from power tools and equipment requiring hearing protection and adherence to OSHA standards
* Confined spaces, trenches, and challenging work positions requiring flexibility, strength, and specific safety training
* Requires wearing personal protective equipment including hard hats, safety glasses, gloves, and steel-toed boots at all times
* Early start times typical (6:00-7:00 AM) with 8-10 hour days; overtime and weekend work common during peak season
* Exposure to dust, fumes, chemicals, and construction materials requiring respiratory protection in certain situations

**Compensation**

In accordance with our commitment to pay transparency and equity, we provide the following compensation information for this position. We carefully consider a wide range of factors when determining salary including but not limited to: location, relevant education, professional experience, demonstrated skills, and internal equity. Actual compensation will be determined through the interview process and may vary based on these factors.

Starting from $18.00 per hour

**Equal Opportunity Employer Statement**

Integrity Building Services is proud to be an equal opportunity employer committed to building a diverse and inclusive workforce. We believe that diverse perspectives and backgrounds strengthen our organization and drive innovation. We provide equal employment opportunities to all qualified applicants and employees regardless of race, color, religion, sex, gender identity, sexual orientation, national origin, age, disability, veteran status, genetic information, or any other legally protected characteristic.

We are committed to providing reasonable accommodations to individuals with disabilities throughout the application and employment process. If you require accommodation, please contact our Human Resources department to discuss your needs.

All employment decisions are based on qualifications, merit, and business needs. We do not tolerate discrimination or harassment of any kind and maintain a workplace culture of respect, dignity, and professionalism.

"
1373,"**A World-Class Team**

Coastal Resort Collection is powered by dedicated professionals who make a real impact every day. Whether you're on the front lines serving customers, supporting operations, or shaping strategic initiatives, your work matters and contributes to our collective success.

We're a team built on purpose and opportunity. Join us and be part of something meaningful.


**Why You'll Love Working Here**

Your well-being is our priority. We offer a robust benefits program that goes beyond the basics to truly support our team members.

**Here's what you can look forward to:**

* **Weekly/Bi-Weekly Pay:** Flexible pay schedule options to help you manage your finances on your terms.
* **Paid Time Off:** Generous PTO including vacation days, personal days, sick leave, and paid holidays.
* **Stock Purchase Plan:** Opportunity to purchase company stock at a discount through payroll deductions.
* **Short/Long-Term Disability:** Income protection when you need it most, with both short-term and long-term disability options.
* **Employee Discounts:** Exclusive discounts on products and services, plus perks with partner companies.
* **Employee Assistance Program:** Confidential counseling and support services for you and your household members.
* **Commuter Benefits:** Pre-tax savings on public transportation and parking expenses.
* **Health Insurance:** Choose from multiple medical plan options with dental and vision coverage available.

* Eligibility requirements and waiting periods may vary by position and employment status.

**Job Summary**

We are seeking a qualified Kitchen Manager to join our team. This position plays a vital role in our operations and offers the opportunity to contribute to a dynamic organization committed to excellence. The ideal candidate will bring a combination of technical expertise, professional skills, and personal qualities that align with our values and culture.

**What We Stand For**

At our company, we're built on a foundation of core principles that drive our success:

* **Commitment to Excellence:** Every task, every day, we pursue the highest standards of quality and service.
* **Team First:** We support each other, celebrate wins together, and tackle challenges as a unified team.
* **Continuous Improvement:** We embrace innovation and seek better ways to serve our customers and grow our business.
* **Respect for All:** We create an inclusive environment where diversity is celebrated and every voice matters.
* **Customer Obsession:** Our customers' success is our success – we go above and beyond to exceed expectations.
* **Ethical Leadership:** We lead by example, making decisions guided by integrity and transparency.
* **Work-Life Balance:** We respect that our team members have lives outside of work and support healthy boundaries.

**Major Tasks, Responsibilities, and Key Accountabilities**

* Train new front desk staff on systems, procedures, customer service standards, and company policies, serving as a resource for less experienced team members
* Process check-ins and check-outs efficiently using property management systems, verifying reservations, collecting payments, and explaining hotel amenities and policies
* Maintain lobby and front desk areas to hospitality standards, ensuring cleanliness, organization, and professional appearance at all times
* Manage room inventory and reservations, optimize occupancy rates, process bookings through multiple channels, and coordinate with housekeeping regarding room status
* Greet guests with genuine warmth and professionalism upon arrival, creating positive first impressions and setting the tone for an exceptional stay experience
* Monitor guest feedback through surveys and online reviews, address negative comments professionally, and implement improvements based on guest input
* Handle emergency situations calmly and effectively, following established protocols for medical emergencies, security issues, and evacuations while ensuring guest safety
* Build lasting relationships with repeat guests by remembering preferences, personalizing service, and utilizing loyalty programs to encourage return visits
* Coordinate with housekeeping, maintenance, and other departments to fulfill guest requests, address room issues, and ensure seamless service delivery
* Handle guest inquiries, requests, and concerns promptly and professionally, utilizing problem-solving skills to resolve issues and ensure guest satisfaction
* Reconcile daily transactions, prepare shift reports, audit night operations, and ensure accurate financial accounting of all front desk activities
* Process group bookings, coordinate with event planning teams, and manage special requests for conferences, weddings, and other large gatherings
* Maintain detailed knowledge of hotel facilities, services, local attractions, dining options, and transportation to provide informed recommendations to guests
* Process all forms of payment including cash, credit cards, and digital payments accurately while maintaining proper cash handling procedures and securing funds
* Upsell room upgrades, amenities, and hotel services by identifying guest needs and presenting options that enhance their experience and increase revenue

**Qualifications and Requirements**

* High school diploma required with demonstrated technical aptitude and willingness to learn
* Minimum 2-3 years of progressive experience in similar role within the industry
* Familiarity with point-of-sale systems, inventory management software, or customer relationship management tools
* Experience with industry-specific software systems and demonstrated ability to learn new technologies quickly
* Strong organizational skills with systematic approach to work and meticulous record-keeping
* Cultural competency and ability to work effectively with diverse populations and perspectives
* Proven ability to manage multiple priorities, meet deadlines, and adapt to changing circumstances
* Professional demeanor with strong work ethic, reliability, and consistent punctuality
* Exceptional communication skills with ability to convey complex information clearly to diverse audiences
* Ability to stand, walk, and remain mobile for extended periods during scheduled shifts
* Manual dexterity to operate equipment, tools, and computer keyboards with precision
* Ability to pass background check, drug screening, and other pre-employment requirements
* Availability to work flexible schedule including evenings, weekends, and holidays as needed

**Working Conditions**

* Indoor hotel environment with extended periods standing behind front desk or moving throughout property addressing guest needs
* Professional appearance and demeanor required at all times when interacting with guests and representing the property
* Shift work including early mornings, late evenings, overnight hours, weekends, and holidays to ensure 24/7 guest service coverage
* Requires lifting luggage and supplies up to 30 pounds; may assist guests with heavier items using proper techniques or equipment
* Fast-paced environment during peak check-in/check-out times requiring excellent multitasking and stress management abilities
* Potential exposure to difficult situations including guest complaints, emergencies, and security issues requiring composure
* Must maintain professional composure when dealing with demanding situations while upholding brand standards and hospitality

**Compensation**

In accordance with our commitment to pay transparency and equity, we provide the following compensation information for this position. We carefully consider a wide range of factors when determining salary including but not limited to: location, relevant education, professional experience, demonstrated skills, and internal equity. Actual compensation will be determined through the interview process and may vary based on these factors.

$13.00 - $22.00 per hour depending on experience and qualifications

**Equal Opportunity Employer Statement**

Coastal Resort Collection is proud to be an equal opportunity employer committed to building a diverse and inclusive workforce. We believe that diverse perspectives and backgrounds strengthen our organization and drive innovation. We provide equal employment opportunities to all qualified applicants and employees regardless of race, color, religion, sex, gender identity, sexual orientation, national origin, age, disability, veteran status, genetic information, or any other legally protected characteristic.

We are committed to providing reasonable accommodations to individuals with disabilities throughout the application and employment process. If you require accommodation, please contact our Human Resources department to discuss your needs.

All employment decisions are based on qualifications, merit, and business needs. We do not tolerate discrimination or harassment of any kind and maintain a workplace culture of respect, dignity, and professionalism.

"
4402,"**A World-Class Team**

Skyline Construction Co. is powered by dedicated professionals who make a real impact every day. Whether you're on the front lines serving customers, supporting operations, or shaping strategic initiatives, your work matters and contributes to our collective success.

We're a team built on purpose and opportunity. Join us and be part of something meaningful.


**Why You'll Love Working Here**

We understand that great benefits matter. Our comprehensive package is designed to support you and your family in all aspects of life.

**Here's what you can look forward to:**

* **Paid Parental Leave:** Bonding time for new parents with paid leave for birth, adoption, or foster placement.
* **Employee Discounts:** Exclusive discounts on products and services, plus perks with partner companies.
* **Life Insurance:** Company-paid life insurance with options for supplemental coverage for you and your family.
* **Short/Long-Term Disability:** Income protection when you need it most, with both short-term and long-term disability options.
* **Commuter Benefits:** Pre-tax savings on public transportation and parking expenses.
* **Flexible Spending Accounts:** Pre-tax savings for healthcare and dependent care expenses.
* **Stock Purchase Plan:** Opportunity to purchase company stock at a discount through payroll deductions.
* **Performance Bonuses:** Quarterly and annual bonus opportunities based on individual and company performance.
* **401(k) Retirement Plan:** Build your financial future with competitive company match (up to 6% of eligible compensation).
* **Weekly/Bi-Weekly Pay:** Flexible pay schedule options to help you manage your finances on your terms.

* Eligibility requirements and waiting periods may vary by position and employment status.

**Job Summary**

We are seeking a qualified Welder to join our team. This position plays a vital role in our operations and offers the opportunity to contribute to a dynamic organization committed to excellence. The ideal candidate will bring a combination of technical expertise, professional skills, and personal qualities that align with our values and culture.

**Our Culture**

Join a team that values your contributions and invests in your success:

* **Empowerment:** We trust our team members to make decisions and take ownership of their work.
* **Recognition:** We celebrate achievements and reward excellence through our comprehensive recognition programs.
* **Development:** We invest in your growth with training, mentorship, and clear career progression paths.
* **Inclusivity:** We embrace diversity and create a welcoming environment for people of all backgrounds.
* **Communication:** We maintain open, transparent dialogue at all levels of the organization.
* **Safety First:** Your well-being is our priority – we maintain rigorous safety standards and protocols.
* **Community:** We give back to the communities we serve through volunteer programs and charitable initiatives.

**Major Tasks, Responsibilities, and Key Accountabilities**

* Participate in pre-construction meetings, daily huddles, and project close-out activities, contributing input on scheduling, logistics, and lessons learned
* Perform construction tasks according to project specifications, blueprints, and building codes while maintaining high standards of workmanship and attention to detail
* Prepare work sites by setting up barriers, signage, and safety equipment, organizing materials and tools, and ensuring proper staging for efficient workflow
* Read and interpret construction documents including blueprints, specifications, shop drawings, and technical diagrams to execute work accurately
* Maintain clean and organized work areas, properly dispose of construction debris, and ensure compliance with site housekeeping standards and environmental regulations
* Operate hand tools, power tools, and heavy equipment safely and efficiently, following manufacturer guidelines and OSHA safety regulations
* Protect existing structures and finished surfaces during construction activities, using appropriate covering materials and exercising care when working in occupied spaces
* Measure, cut, and install materials precisely using appropriate tools and techniques, verifying measurements and making adjustments as needed for proper fit
* Conduct daily safety inspections, identify hazards, report unsafe conditions immediately, and participate in toolbox talks and safety training sessions
* Maintain tools and equipment in good working condition through regular cleaning, minor repairs, and proper storage, reporting needed replacements to supervisors
* Load and unload materials, transport supplies to work areas, and operate material handling equipment including forklifts and pallet jacks when certified
* Perform quality control checks throughout construction process, identifying defects or deviations from specifications and taking corrective action promptly
* Respond to changing project conditions and last-minute modifications, adapting work approaches while maintaining quality standards and safety protocols
* Document daily activities including hours worked, materials used, and progress made, reporting information to supervisors for project tracking purposes

**Qualifications and Requirements**

* High school diploma required with demonstrated technical aptitude and willingness to learn
* Previous experience in related field highly desirable but not required for entry-level positions
* Proficiency with Microsoft Office Suite including Excel, Word, PowerPoint, and Outlook required
* Technical certification or licensure in relevant specialty area required or ability to obtain within specified timeframe
* Strong analytical and problem-solving abilities with keen attention to detail and accuracy
* Cultural competency and ability to work effectively with diverse populations and perspectives
* Strong organizational skills with systematic approach to work and meticulous record-keeping
* Leadership capabilities with experience mentoring, training, or supervising others
* Proven ability to manage multiple priorities, meet deadlines, and adapt to changing circumstances
* Exceptional communication skills with ability to convey complex information clearly to diverse audiences
* Results-driven mindset with history of meeting or exceeding performance goals and targets
* Stamina to perform physical tasks in varying weather conditions and environmental settings
* Ability to pass background check, drug screening, and other pre-employment requirements
* Legal authorization to work in the United States with required documentation

**Physical Demands and Job Site Conditions**

* Outdoor construction environment requiring work in all weather conditions including heat, cold, rain, and varying temperatures
* Extremely physically demanding work including heavy lifting (50+ pounds regularly), climbing, bending, and sustained physical effort
* Work at heights on ladders, scaffolding, or elevated platforms requiring comfort with heights and proper safety equipment use
* Exposure to loud noise from power tools and equipment requiring hearing protection and adherence to OSHA standards
* Confined spaces, trenches, and challenging work positions requiring flexibility, strength, and specific safety training
* Requires wearing personal protective equipment including hard hats, safety glasses, gloves, and steel-toed boots at all times
* Early start times typical (6:00-7:00 AM) with 8-10 hour days; overtime and weekend work common during peak season
* Exposure to dust, fumes, chemicals, and construction materials requiring respiratory protection in certain situations

**Compensation**

In accordance with our commitment to pay transparency and equity, we provide the following compensation information for this position. We carefully consider a wide range of factors when determining salary including but not limited to: location, relevant education, professional experience, demonstrated skills, and internal equity. Actual compensation will be determined through the interview process and may vary based on these factors.

Starting from $18.00 per hour

**Equal Opportunity Employer Statement**

Skyline Construction Co. is proud to be an equal opportunity employer committed to building a diverse and inclusive workforce. We believe that diverse perspectives and backgrounds strengthen our organization and drive innovation. We provide equal employment opportunities to all qualified applicants and employees regardless of race, color, religion, sex, gender identity, sexual orientation, national origin, age, disability, veteran status, genetic information, or any other legally protected characteristic.

We are committed to providing reasonable accommodations to individuals with disabilities throughout the application and employment process. If you require accommodation, please contact our Human Resources department to discuss your needs.

All employment decisions are based on qualifications, merit, and business needs. We do not tolerate discrimination or harassment of any kind and maintain a workplace culture of respect, dignity, and professionalism.

"
2224,"**A World-Class Team**

Community Health Network is powered by dedicated professionals who make a real impact every day. Whether you're on the front lines serving customers, supporting operations, or shaping strategic initiatives, your work matters and contributes to our collective success.

We're a team built on purpose and opportunity. Join us and be part of something meaningful.


**Why You'll Love Working Here**

Your well-being is our priority. We offer a robust benefits program that goes beyond the basics to truly support our team members.

**Here's what you can look forward to:**

* **Continuing Education:** Support for professional certifications and continuing education credits.
* **Wellness Programs:** Comprehensive wellness initiatives including gym membership discounts and health screenings.
* **Professional Development:** Access to training programs, tuition reimbursement, and career advancement opportunities.
* **Health Insurance:** Choose from multiple medical plan options with dental and vision coverage available.
* **Flexible Spending Accounts:** Pre-tax savings for healthcare and dependent care expenses.
* **401(k) Retirement Plan:** Build your financial future with competitive company match (up to 6% of eligible compensation).
* **Employee Assistance Program:** Confidential counseling and support services for you and your household members.
* **Employee Discounts:** Exclusive discounts on products and services, plus perks with partner companies.
* **Short/Long-Term Disability:** Income protection when you need it most, with both short-term and long-term disability options.
* **Weekly/Bi-Weekly Pay:** Flexible pay schedule options to help you manage your finances on your terms.
* **Paid Parental Leave:** Bonding time for new parents with paid leave for birth, adoption, or foster placement.

* Eligibility requirements and waiting periods may vary by position and employment status.

**Job Summary**

We are seeking a qualified Healthcare Administrator to join our team. This position plays a vital role in our operations and offers the opportunity to contribute to a dynamic organization committed to excellence. The ideal candidate will bring a combination of technical expertise, professional skills, and personal qualities that align with our values and culture.

**What We Stand For**

At our company, we're built on a foundation of core principles that drive our success:

* **Commitment to Excellence:** Every task, every day, we pursue the highest standards of quality and service.
* **Team First:** We support each other, celebrate wins together, and tackle challenges as a unified team.
* **Continuous Improvement:** We embrace innovation and seek better ways to serve our customers and grow our business.
* **Respect for All:** We create an inclusive environment where diversity is celebrated and every voice matters.
* **Customer Obsession:** Our customers' success is our success – we go above and beyond to exceed expectations.
* **Ethical Leadership:** We lead by example, making decisions guided by integrity and transparency.
* **Work-Life Balance:** We respect that our team members have lives outside of work and support healthy boundaries.

**Major Tasks, Responsibilities, and Key Accountabilities**

* Conduct comprehensive patient assessments including vital signs, medical history, current symptoms, and psychosocial factors, documenting findings accurately in electronic health records
* Complete thorough and timely documentation of all patient interactions, assessments, interventions, and outcomes in compliance with legal and regulatory requirements
* Perform wound care, IV therapy, catheterization, and other clinical procedures according to established protocols while maintaining sterile technique and patient comfort
* Participate in continuing education programs, maintain professional certifications, and stay current with clinical guidelines and healthcare advancements
* Maintain strict compliance with HIPAA regulations, patient privacy standards, infection control protocols, and all applicable healthcare regulations and accreditation requirements
* Serve as patient advocate, ensuring patient rights are respected, addressing concerns promptly, and facilitating communication between patients and healthcare providers
* Administer medications, treatments, and procedures as prescribed, following the five rights of medication administration and monitoring patients for therapeutic effects and adverse reactions
* Provide direct patient care in accordance with established protocols, physician orders, and nursing best practices while maintaining patient safety and dignity
* Respond to emergency situations with appropriate interventions, activate rapid response teams when necessary, and provide critical care support as needed
* Monitor patient conditions continuously, identify changes in status, and promptly report concerning findings to physicians and charge nurses for timely intervention
* Manage patient flow including admissions, transfers, and discharges, ensuring smooth transitions and coordinating with various departments for continuity of care
* Assist with diagnostic procedures, prepare patients appropriately, explain processes to reduce anxiety, and monitor patients throughout procedures for safety
* Participate in quality improvement initiatives, contribute to patient safety programs, and implement evidence-based practice changes to enhance care delivery
* Collaborate with interdisciplinary healthcare team members including physicians, therapists, social workers, and case managers to develop and implement comprehensive care plans

**Qualifications and Requirements**

* High school diploma or equivalent required; Associate's or Bachelor's degree in related field preferred
* 5+ years of professional experience with demonstrated track record of success and increasing responsibilities
* Strong computer skills including data entry, file management, and basic troubleshooting capabilities
* Cultural competency and ability to work effectively with diverse populations and perspectives
* Strong organizational skills with systematic approach to work and meticulous record-keeping
* Collaborative team player who also works effectively independently with minimal supervision
* Professional demeanor with strong work ethic, reliability, and consistent punctuality
* Strong analytical and problem-solving abilities with keen attention to detail and accuracy
* Stamina to perform physical tasks in varying weather conditions and environmental settings
* Ability to stand, walk, and remain mobile for extended periods during scheduled shifts
* Legal authorization to work in the United States with required documentation
* Ability to pass background check, drug screening, and other pre-employment requirements
* Valid driver's license with clean driving record required for positions involving vehicle operation

**Physical Requirements and Work Environment**

* Healthcare facility environment requiring strict adherence to infection control protocols and sterile technique procedures
* Prolonged periods of standing and walking throughout facility, often covering significant distance during 8-12 hour shifts
* Frequent lifting, turning, and repositioning of patients requiring proper body mechanics and often team coordination for safety
* Regular exposure to bodily fluids, infectious diseases, and hazardous materials necessitating use of personal protective equipment
* Emotionally demanding work involving serious illnesses, end-of-life care, and critical situations requiring emotional resilience
* Shift work including days, nights, weekends, and holidays based on department needs and patient care requirements
* Fast-paced environment with frequent interruptions requiring ability to prioritize and multitask effectively under pressure
* Exposure to hospital noise levels including alarms, overhead pages, and equipment sounds in clinical areas

**Compensation**

In accordance with our commitment to pay transparency and equity, we provide the following compensation information for this position. We carefully consider a wide range of factors when determining salary including but not limited to: location, relevant education, professional experience, demonstrated skills, and internal equity. Actual compensation will be determined through the interview process and may vary based on these factors.

$45,000 - $110,000 per year based on experience

**Equal Opportunity Employer Statement**

Community Health Network is proud to be an equal opportunity employer committed to building a diverse and inclusive workforce. We believe that diverse perspectives and backgrounds strengthen our organization and drive innovation. We provide equal employment opportunities to all qualified applicants and employees regardless of race, color, religion, sex, gender identity, sexual orientation, national origin, age, disability, veteran status, genetic information, or any other legally protected characteristic.

We are committed to providing reasonable accommodations to individuals with disabilities throughout the application and employment process. If you require accommodation, please contact our Human Resources department to discuss your needs.

All employment decisions are based on qualifications, merit, and business needs. We do not tolerate discrimination or harassment of any kind and maintain a workplace culture of respect, dignity, and professionalism.

"
4126,"**A World-Class Team**

Advanced Production Systems is powered by dedicated professionals who make a real impact every day. Whether you're on the front lines serving customers, supporting operations, or shaping strategic initiatives, your work matters and contributes to our collective success.

We're a team built on purpose and opportunity. Join us and be part of something meaningful.


**Why You'll Love Working Here**

Our team members are our greatest asset, which is why we provide an exceptional benefits package that demonstrates our commitment to your success and well-being.

**Here's what you can look forward to:**

* **Continuing Education:** Support for professional certifications and continuing education credits.
* **Commuter Benefits:** Pre-tax savings on public transportation and parking expenses.
* **Short/Long-Term Disability:** Income protection when you need it most, with both short-term and long-term disability options.
* **Professional Development:** Access to training programs, tuition reimbursement, and career advancement opportunities.
* **401(k) Retirement Plan:** Build your financial future with competitive company match (up to 6% of eligible compensation).
* **Wellness Programs:** Comprehensive wellness initiatives including gym membership discounts and health screenings.
* **Employee Assistance Program:** Confidential counseling and support services for you and your household members.
* **Employee Discounts:** Exclusive discounts on products and services, plus perks with partner companies.

* Eligibility requirements and waiting periods may vary by position and employment status.

**Job Summary**

We are seeking a qualified Materials Handler to join our team. This position plays a vital role in our operations and offers the opportunity to contribute to a dynamic organization committed to excellence. The ideal candidate will bring a combination of technical expertise, professional skills, and personal qualities that align with our values and culture.

**What We Stand For**

At our company, we're built on a foundation of core principles that drive our success:

* **Commitment to Excellence:** Every task, every day, we pursue the highest standards of quality and service.
* **Team First:** We support each other, celebrate wins together, and tackle challenges as a unified team.
* **Continuous Improvement:** We embrace innovation and seek better ways to serve our customers and grow our business.
* **Respect for All:** We create an inclusive environment where diversity is celebrated and every voice matters.
* **Customer Obsession:** Our customers' success is our success – we go above and beyond to exceed expectations.
* **Ethical Leadership:** We lead by example, making decisions guided by integrity and transparency.
* **Work-Life Balance:** We respect that our team members have lives outside of work and support healthy boundaries.

**Major Tasks, Responsibilities, and Key Accountabilities**

* Monitor production processes continuously, adjust machine settings as needed to maintain quality standards, and troubleshoot issues to minimize downtime
* Follow detailed work instructions, blueprints, and specifications to ensure products meet customer requirements and industry standards
* Operate production machinery and equipment safely and efficiently according to standard operating procedures, meeting quality and productivity targets
* Perform quality control checks throughout production runs using measuring instruments, visual inspections, and testing procedures to ensure product specifications are met
* Maintain accurate production records including quantities produced, downtime incidents, quality issues, and material usage for tracking and reporting purposes
* Work collaboratively with team members to optimize workflow, meet production schedules, and support cross-training initiatives for operational flexibility
* Participate in lean manufacturing initiatives, kaizen events, and process improvement projects to enhance efficiency and reduce waste
* Load raw materials, monitor inventory levels during production runs, and communicate supply needs to supervisors to prevent production delays
* Attend safety meetings, training sessions, and toolbox talks to stay current on procedures, regulations, and best practices
* Identify and report safety hazards, quality defects, and process inefficiencies while contributing suggestions for continuous improvement initiatives
* Maintain clean and organized work areas, properly dispose of waste materials, and ensure compliance with 5S workplace organization principles
* Support new employee onboarding by demonstrating proper techniques, sharing knowledge, and promoting a culture of safety and quality
* Conduct pre-shift equipment inspections, identify potential issues, perform basic maintenance tasks, and report malfunctions to maintenance team immediately
* Package finished products according to customer specifications, apply proper labeling, and prepare items for shipment or warehouse storage
* Follow all safety protocols including proper use of personal protective equipment (PPE), lockout/tagout procedures, and emergency response plans

**Qualifications and Requirements**

* Bachelor's degree in relevant discipline required; advanced degree preferred for senior positions
* Previous experience in related field highly desirable but not required for entry-level positions
* Strong computer skills including data entry, file management, and basic troubleshooting capabilities
* Familiarity with point-of-sale systems, inventory management software, or customer relationship management tools
* Strong analytical and problem-solving abilities with keen attention to detail and accuracy
* Strong organizational skills with systematic approach to work and meticulous record-keeping
* Results-driven mindset with history of meeting or exceeding performance goals and targets
* Collaborative team player who also works effectively independently with minimal supervision
* Proven ability to manage multiple priorities, meet deadlines, and adapt to changing circumstances
* Ability to stand, walk, and remain mobile for extended periods during scheduled shifts
* Legal authorization to work in the United States with required documentation
* Professional references from previous supervisors or colleagues who can attest to qualifications

**Environmental and Physical Requirements**

* Manufacturing plant environment with exposure to noise levels requiring hearing protection in designated areas
* Physically demanding work including prolonged standing, walking on concrete floors, and repetitive motions throughout shift
* Regular lifting of materials and products weighing up to 50 pounds; team lifts and mechanical assistance for heavier loads
* Work in areas with varying temperatures; may include exposure to heat from machinery or cooler warehouse environments
* Requires use of personal protective equipment including safety glasses, steel-toed boots, gloves, and other PPE as specified
* Exposure to industrial machinery, moving equipment, and forklifts requiring constant awareness and adherence to safety protocols
* 8-12 hour shifts with potential overtime during peak production periods; may include rotating shifts or weekend work
* Confined spaces or elevated work areas in some positions requiring specific certifications and comfort with heights

**Compensation**

In accordance with our commitment to pay transparency and equity, we provide the following compensation information for this position. We carefully consider a wide range of factors when determining salary including but not limited to: location, relevant education, professional experience, demonstrated skills, and internal equity. Actual compensation will be determined through the interview process and may vary based on these factors.

$16.00 - $32.00 per hour depending on experience and qualifications

**Equal Opportunity Employer Statement**

Advanced Production Systems is proud to be an equal opportunity employer committed to building a diverse and inclusive workforce. We believe that diverse perspectives and backgrounds strengthen our organization and drive innovation. We provide equal employment opportunities to all qualified applicants and employees regardless of race, color, religion, sex, gender identity, sexual orientation, national origin, age, disability, veteran status, genetic information, or any other legally protected characteristic.

We are committed to providing reasonable accommodations to individuals with disabilities throughout the application and employment process. If you require accommodation, please contact our Human Resources department to discuss your needs.

All employment decisions are based on qualifications, merit, and business needs. We do not tolerate discrimination or harassment of any kind and maintain a workplace culture of respect, dignity, and professionalism.

"
457,"**A World-Class Team**

Amplify Digital Agency is powered by dedicated professionals who make a real impact every day. Whether you're on the front lines serving customers, supporting operations, or shaping strategic initiatives, your work matters and contributes to our collective success.

We're a team built on purpose and opportunity. Join us and be part of something meaningful.


**Why You'll Love Working Here**

Your well-being is our priority. We offer a robust benefits program that goes beyond the basics to truly support our team members.

**Here's what you can look forward to:**

* **Flexible Spending Accounts:** Pre-tax savings for healthcare and dependent care expenses.
* **Employee Discounts:** Exclusive discounts on products and services, plus perks with partner companies.
* **Commuter Benefits:** Pre-tax savings on public transportation and parking expenses.
* **Short/Long-Term Disability:** Income protection when you need it most, with both short-term and long-term disability options.
* **Health Insurance:** Choose from multiple medical plan options with dental and vision coverage available.
* **Employee Assistance Program:** Confidential counseling and support services for you and your household members.
* **Continuing Education:** Support for professional certifications and continuing education credits.
* **Weekly/Bi-Weekly Pay:** Flexible pay schedule options to help you manage your finances on your terms.

* Eligibility requirements and waiting periods may vary by position and employment status.

**Job Summary**

We are seeking a qualified Public Relations Specialist to join our team. This position plays a vital role in our operations and offers the opportunity to contribute to a dynamic organization committed to excellence. The ideal candidate will bring a combination of technical expertise, professional skills, and personal qualities that align with our values and culture.

**What We Stand For**

At our company, we're built on a foundation of core principles that drive our success:

* **Commitment to Excellence:** Every task, every day, we pursue the highest standards of quality and service.
* **Team First:** We support each other, celebrate wins together, and tackle challenges as a unified team.
* **Continuous Improvement:** We embrace innovation and seek better ways to serve our customers and grow our business.
* **Respect for All:** We create an inclusive environment where diversity is celebrated and every voice matters.
* **Customer Obsession:** Our customers' success is our success – we go above and beyond to exceed expectations.
* **Ethical Leadership:** We lead by example, making decisions guided by integrity and transparency.
* **Work-Life Balance:** We respect that our team members have lives outside of work and support healthy boundaries.

**Major Tasks, Responsibilities, and Key Accountabilities**

* Support lead generation efforts through content marketing, SEO optimization, paid advertising, and conversion rate optimization strategies
* Coordinate events and promotional activities including trade shows, webinars, product launches, and community events from planning through execution
* Maintain brand consistency across all marketing touchpoints, ensuring adherence to brand guidelines in messaging, visual identity, and tone
* Create compelling content including blog posts, social media updates, email newsletters, and website copy that aligns with brand voice and engages target audiences
* Collaborate with graphic designers, copywriters, and creative teams to produce marketing materials including brochures, advertisements, and promotional items
* Analyze campaign performance using analytics tools, track key performance indicators (KPIs), and generate insights to optimize strategies and improve ROI
* Implement email marketing campaigns using automation platforms, segment audiences, conduct A/B testing, and optimize for deliverability and engagement
* Manage social media accounts across platforms, develop content calendars, engage with followers, and grow online communities through authentic interactions
* Conduct market research and competitive analysis to identify trends, opportunities, and customer preferences, translating findings into actionable marketing strategies
* Monitor industry trends, emerging technologies, and competitor activities to identify opportunities for innovation and maintain competitive advantage
* Prepare marketing reports and presentations for leadership, clearly communicating results, challenges, and recommendations for future initiatives
* Develop and maintain relationships with media contacts, vendors, partners, and industry influencers to expand brand reach and secure coverage opportunities

**Qualifications and Requirements**

* Bachelor's degree in relevant discipline required; advanced degree preferred for senior positions
* 1-2 years of relevant experience preferred; will train motivated candidates with strong foundational skills
* Technical certification or licensure in relevant specialty area required or ability to obtain within specified timeframe
* Experience with industry-specific software systems and demonstrated ability to learn new technologies quickly
* Professional demeanor with strong work ethic, reliability, and consistent punctuality
* Exceptional communication skills with ability to convey complex information clearly to diverse audiences
* Collaborative team player who also works effectively independently with minimal supervision
* Strong organizational skills with systematic approach to work and meticulous record-keeping
* Leadership capabilities with experience mentoring, training, or supervising others
* Manual dexterity to operate equipment, tools, and computer keyboards with precision
* Ability to pass background check, drug screening, and other pre-employment requirements
* Availability to work flexible schedule including evenings, weekends, and holidays as needed

**Work Environment**

* Creative office environment with mix of individual workspace and collaborative areas for team brainstorming and meetings
* Computer-intensive work involving extended screen time for design, analytics, content creation, and campaign management
* Standard business hours with flexibility for remote work, though extended hours may be needed for campaign launches and events
* Occasional evening and weekend availability for events, tradeshows, conferences, and time-sensitive campaign activities
* Travel may be required for industry conferences, client meetings, vendor visits, and company events (typically under 15%)
* Fast-paced environment with multiple concurrent projects requiring excellent organizational skills and deadline management
* Collaborative culture emphasizing creativity, innovation, and cross-functional teamwork across departments
* Professional or creative business casual dress code depending on client meetings and company culture

**Compensation**

In accordance with our commitment to pay transparency and equity, we provide the following compensation information for this position. We carefully consider a wide range of factors when determining salary including but not limited to: location, relevant education, professional experience, demonstrated skills, and internal equity. Actual compensation will be determined through the interview process and may vary based on these factors.

$45,000 - $95,000 per year based on experience

**Equal Opportunity Employer Statement**

Amplify Digital Agency is proud to be an equal opportunity employer committed to building a diverse and inclusive workforce. We believe that diverse perspectives and backgrounds strengthen our organization and drive innovation. We provide equal employment opportunities to all qualified applicants and employees regardless of race, color, religion, sex, gender identity, sexual orientation, national origin, age, disability, veteran status, genetic information, or any other legally protected characteristic.

We are committed to providing reasonable accommodations to individuals with disabilities throughout the application and employment process. If you require accommodation, please contact our Human Resources department to discuss your needs.

All employment decisions are based on qualifications, merit, and business needs. We do not tolerate discrimination or harassment of any kind and maintain a workplace culture of respect, dignity, and professionalism.

"
4374,"**A World-Class Team**

Amplify Digital Agency is powered by dedicated professionals who make a real impact every day. Whether you're on the front lines serving customers, supporting operations, or shaping strategic initiatives, your work matters and contributes to our collective success.

We're a team built on purpose and opportunity. Join us and be part of something meaningful.


**Why You'll Love Working Here**

Your well-being is our priority. We offer a robust benefits program that goes beyond the basics to truly support our team members.

**Here's what you can look forward to:**

* **Continuing Education:** Support for professional certifications and continuing education credits.
* **Paid Time Off:** Generous PTO including vacation days, personal days, sick leave, and paid holidays.
* **Professional Development:** Access to training programs, tuition reimbursement, and career advancement opportunities.
* **Stock Purchase Plan:** Opportunity to purchase company stock at a discount through payroll deductions.
* **Health Insurance:** Choose from multiple medical plan options with dental and vision coverage available.
* **Flexible Spending Accounts:** Pre-tax savings for healthcare and dependent care expenses.
* **401(k) Retirement Plan:** Build your financial future with competitive company match (up to 6% of eligible compensation).
* **Life Insurance:** Company-paid life insurance with options for supplemental coverage for you and your family.
* **Paid Parental Leave:** Bonding time for new parents with paid leave for birth, adoption, or foster placement.
* **Employee Assistance Program:** Confidential counseling and support services for you and your household members.
* **Short/Long-Term Disability:** Income protection when you need it most, with both short-term and long-term disability options.
* **Employee Discounts:** Exclusive discounts on products and services, plus perks with partner companies.

* Eligibility requirements and waiting periods may vary by position and employment status.

**Job Summary**

We are seeking a qualified Event Marketing Manager to join our team. This position plays a vital role in our operations and offers the opportunity to contribute to a dynamic organization committed to excellence. The ideal candidate will bring a combination of technical expertise, professional skills, and personal qualities that align with our values and culture.

**Our Team Values**

We believe in creating a workplace where every team member can thrive. Our core values guide everything we do:

* **Integrity:** We act with honesty and transparency in all our interactions, building trust with our team and customers.
* **Excellence:** We strive for flawless execution and hold ourselves accountable for delivering outstanding results.
* **Collaboration:** We work together with respect and inclusion, embracing diverse perspectives to achieve our goals.
* **Innovation:** We move with speed and agility, adapting quickly to meet the evolving needs of our industry.
* **Customer Focus:** We lead with the customer in mind, ensuring every decision creates value and exceeds expectations.
* **Safety:** We maintain a safe and positive environment for our team members and those we serve.
* **Accountability:** We take ownership of our work and deliver on our commitments with pride and professionalism.

**Major Tasks, Responsibilities, and Key Accountabilities**

* Develop and execute comprehensive marketing campaigns across multiple channels including digital, social media, email, and traditional media to achieve business objectives
* Conduct market research and competitive analysis to identify trends, opportunities, and customer preferences, translating findings into actionable marketing strategies
* Monitor industry trends, emerging technologies, and competitor activities to identify opportunities for innovation and maintain competitive advantage
* Manage social media accounts across platforms, develop content calendars, engage with followers, and grow online communities through authentic interactions
* Prepare marketing reports and presentations for leadership, clearly communicating results, challenges, and recommendations for future initiatives
* Support lead generation efforts through content marketing, SEO optimization, paid advertising, and conversion rate optimization strategies
* Develop and maintain relationships with media contacts, vendors, partners, and industry influencers to expand brand reach and secure coverage opportunities
* Create compelling content including blog posts, social media updates, email newsletters, and website copy that aligns with brand voice and engages target audiences
* Maintain brand consistency across all marketing touchpoints, ensuring adherence to brand guidelines in messaging, visual identity, and tone
* Manage customer relationship management (CRM) system data, track customer interactions, and leverage insights for personalized marketing approaches
* Coordinate events and promotional activities including trade shows, webinars, product launches, and community events from planning through execution
* Manage marketing budgets, track expenses, optimize spending across channels, and report on budget performance to stakeholders

**Qualifications and Requirements**

* Bachelor's degree in relevant discipline required; advanced degree preferred for senior positions
* 1-2 years of relevant experience preferred; will train motivated candidates with strong foundational skills
* Technical certification or licensure in relevant specialty area required or ability to obtain within specified timeframe
* Experience with industry-specific software systems and demonstrated ability to learn new technologies quickly
* Outstanding customer service orientation with patience, empathy, and commitment to exceeding expectations
* Leadership capabilities with experience mentoring, training, or supervising others
* Professional demeanor with strong work ethic, reliability, and consistent punctuality
* Results-driven mindset with history of meeting or exceeding performance goals and targets
* Collaborative team player who also works effectively independently with minimal supervision
* Manual dexterity to operate equipment, tools, and computer keyboards with precision
* Stamina to perform physical tasks in varying weather conditions and environmental settings
* Availability to work flexible schedule including evenings, weekends, and holidays as needed
* Professional references from previous supervisors or colleagues who can attest to qualifications

**Work Environment**

* Creative office environment with mix of individual workspace and collaborative areas for team brainstorming and meetings
* Computer-intensive work involving extended screen time for design, analytics, content creation, and campaign management
* Standard business hours with flexibility for remote work, though extended hours may be needed for campaign launches and events
* Occasional evening and weekend availability for events, tradeshows, conferences, and time-sensitive campaign activities
* Travel may be required for industry conferences, client meetings, vendor visits, and company events (typically under 15%)
* Fast-paced environment with multiple concurrent projects requiring excellent organizational skills and deadline management
* Collaborative culture emphasizing creativity, innovation, and cross-functional teamwork across departments
* Professional or creative business casual dress code depending on client meetings and company culture

**Compensation**

In accordance with our commitment to pay transparency and equity, we provide the following compensation information for this position. We carefully consider a wide range of factors when determining salary including but not limited to: location, relevant education, professional experience, demonstrated skills, and internal equity. Actual compensation will be determined through the interview process and may vary based on these factors.

$45,000 - $95,000 per year based on experience

**Equal Opportunity Employer Statement**

Amplify Digital Agency is proud to be an equal opportunity employer committed to building a diverse and inclusive workforce. We believe that diverse perspectives and backgrounds strengthen our organization and drive innovation. We provide equal employment opportunities to all qualified applicants and employees regardless of race, color, religion, sex, gender identity, sexual orientation, national origin, age, disability, veteran status, genetic information, or any other legally protected characteristic.

We are committed to providing reasonable accommodations to individuals with disabilities throughout the application and employment process. If you require accommodation, please contact our Human Resources department to discuss your needs.

All employment decisions are based on qualifications, merit, and business needs. We do not tolerate discrimination or harassment of any kind and maintain a workplace culture of respect, dignity, and professionalism.

"
5217,"**A World-Class Team**

Excellence Academy is powered by dedicated professionals who make a real impact every day. Whether you're on the front lines serving customers, supporting operations, or shaping strategic initiatives, your work matters and contributes to our collective success.

We're a team built on purpose and opportunity. Join us and be part of something meaningful.


**Why You'll Love Working Here**

We understand that great benefits matter. Our comprehensive package is designed to support you and your family in all aspects of life.

**Here's what you can look forward to:**

* **401(k) Retirement Plan:** Build your financial future with competitive company match (up to 6% of eligible compensation).
* **Health Insurance:** Choose from multiple medical plan options with dental and vision coverage available.
* **Life Insurance:** Company-paid life insurance with options for supplemental coverage for you and your family.
* **Wellness Programs:** Comprehensive wellness initiatives including gym membership discounts and health screenings.
* **Commuter Benefits:** Pre-tax savings on public transportation and parking expenses.
* **Flexible Spending Accounts:** Pre-tax savings for healthcare and dependent care expenses.
* **Employee Assistance Program:** Confidential counseling and support services for you and your household members.
* **Short/Long-Term Disability:** Income protection when you need it most, with both short-term and long-term disability options.

* Eligibility requirements and waiting periods may vary by position and employment status.

**Job Summary**

We are seeking a qualified School Counselor to join our team. This position plays a vital role in our operations and offers the opportunity to contribute to a dynamic organization committed to excellence. The ideal candidate will bring a combination of technical expertise, professional skills, and personal qualities that align with our values and culture.

**What We Stand For**

At our company, we're built on a foundation of core principles that drive our success:

* **Commitment to Excellence:** Every task, every day, we pursue the highest standards of quality and service.
* **Team First:** We support each other, celebrate wins together, and tackle challenges as a unified team.
* **Continuous Improvement:** We embrace innovation and seek better ways to serve our customers and grow our business.
* **Respect for All:** We create an inclusive environment where diversity is celebrated and every voice matters.
* **Customer Obsession:** Our customers' success is our success – we go above and beyond to exceed expectations.
* **Ethical Leadership:** We lead by example, making decisions guided by integrity and transparency.
* **Work-Life Balance:** We respect that our team members have lives outside of work and support healthy boundaries.

**Major Tasks, Responsibilities, and Key Accountabilities**

* Collaborate with fellow teachers, administrators, counselors, and support staff to coordinate curriculum, share best practices, and address student needs holistically
* Participate in school committees, attend faculty meetings, and contribute to school improvement initiatives and community events
* Adapt curriculum and teaching methods for students with special needs, working closely with special education staff to implement accommodations and modifications
* Organize and maintain classroom environment with appropriate learning materials, visual aids, and resources that support instructional objectives
* Assess student learning through formative and summative evaluations, analyze results to inform instruction, and provide timely, constructive feedback to support improvement
* Implement positive behavior management strategies, establish clear classroom expectations, and address disciplinary issues consistently and fairly
* Participate in professional development activities, pursue continuing education opportunities, and stay current with educational research and pedagogical innovations
* Integrate technology effectively into instruction using learning management systems, educational software, and digital resources to enhance student learning
* Maintain accurate records of student attendance, grades, behavior incidents, and individualized education plan (IEP) progress, ensuring compliance with school policies
* Supervise students during class time, transitions, lunch periods, and other assigned duties, ensuring safety and appropriate behavior at all times
* Communicate regularly with parents and guardians through conferences, progress reports, emails, and phone calls regarding student academic performance and behavior
* Foster critical thinking skills, encourage student inquiry, and create opportunities for authentic learning experiences that connect content to real-world applications
* Create inclusive classroom environment that promotes respect, encourages participation, and supports social-emotional development alongside academic growth

**Qualifications and Requirements**

* High school diploma required with demonstrated technical aptitude and willingness to learn
* 5+ years of professional experience with demonstrated track record of success and increasing responsibilities
* Proficiency with Microsoft Office Suite including Excel, Word, PowerPoint, and Outlook required
* Strong computer skills including data entry, file management, and basic troubleshooting capabilities
* Exceptional communication skills with ability to convey complex information clearly to diverse audiences
* Strong analytical and problem-solving abilities with keen attention to detail and accuracy
* Professional demeanor with strong work ethic, reliability, and consistent punctuality
* Results-driven mindset with history of meeting or exceeding performance goals and targets
* Outstanding customer service orientation with patience, empathy, and commitment to exceeding expectations
* Ability to stand, walk, and remain mobile for extended periods during scheduled shifts
* Professional references from previous supervisors or colleagues who can attest to qualifications
* Legal authorization to work in the United States with required documentation
* Ability to pass background check, drug screening, and other pre-employment requirements

**Physical and Environmental Requirements**

* Classroom environment requiring standing, walking, and movement throughout the day while instructing and supervising students
* Vocal demands from continuous speaking and projecting voice to groups of varying sizes throughout instructional day
* Occasional lifting of instructional materials, books, and supplies weighing up to 25 pounds when organizing classroom
* Extended periods of close work including reading student papers, grading assignments, and preparing materials
* Exposure to common childhood illnesses and need for maintaining healthy practices and hand hygiene
* May supervise students in various settings including playground, cafeteria, hallways, and off-campus field trips
* School year schedule with planning time, professional development days, and typical summer break period
* Evening and weekend time required for lesson planning, grading, parent conferences, and school events

**Compensation**

In accordance with our commitment to pay transparency and equity, we provide the following compensation information for this position. We carefully consider a wide range of factors when determining salary including but not limited to: location, relevant education, professional experience, demonstrated skills, and internal equity. Actual compensation will be determined through the interview process and may vary based on these factors.

Competitive salary starting at $40,000 annually

**Equal Opportunity Employer Statement**

Excellence Academy is proud to be an equal opportunity employer committed to building a diverse and inclusive workforce. We believe that diverse perspectives and backgrounds strengthen our organization and drive innovation. We provide equal employment opportunities to all qualified applicants and employees regardless of race, color, religion, sex, gender identity, sexual orientation, national origin, age, disability, veteran status, genetic information, or any other legally protected characteristic.

We are committed to providing reasonable accommodations to individuals with disabilities throughout the application and employment process. If you require accommodation, please contact our Human Resources department to discuss your needs.

All employment decisions are based on qualifications, merit, and business needs. We do not tolerate discrimination or harassment of any kind and maintain a workplace culture of respect, dignity, and professionalism.

"
1412,"**A World-Class Team**

Learning Heights Institute is powered by dedicated professionals who make a real impact every day. Whether you're on the front lines serving customers, supporting operations, or shaping strategic initiatives, your work matters and contributes to our collective success.

We're a team built on purpose and opportunity. Join us and be part of something meaningful.


**Why You'll Love Working Here**

Your well-being is our priority. We offer a robust benefits program that goes beyond the basics to truly support our team members.

**Here's what you can look forward to:**

* **Health Insurance:** Choose from multiple medical plan options with dental and vision coverage available.
* **Stock Purchase Plan:** Opportunity to purchase company stock at a discount through payroll deductions.
* **Weekly/Bi-Weekly Pay:** Flexible pay schedule options to help you manage your finances on your terms.
* **Short/Long-Term Disability:** Income protection when you need it most, with both short-term and long-term disability options.
* **401(k) Retirement Plan:** Build your financial future with competitive company match (up to 6% of eligible compensation).
* **Employee Discounts:** Exclusive discounts on products and services, plus perks with partner companies.
* **Performance Bonuses:** Quarterly and annual bonus opportunities based on individual and company performance.
* **Life Insurance:** Company-paid life insurance with options for supplemental coverage for you and your family.
* **Commuter Benefits:** Pre-tax savings on public transportation and parking expenses.
* **Wellness Programs:** Comprehensive wellness initiatives including gym membership discounts and health screenings.
* **Continuing Education:** Support for professional certifications and continuing education credits.

* Eligibility requirements and waiting periods may vary by position and employment status.

**Job Summary**

We are seeking a qualified Dean of Students to join our team. This position plays a vital role in our operations and offers the opportunity to contribute to a dynamic organization committed to excellence. The ideal candidate will bring a combination of technical expertise, professional skills, and personal qualities that align with our values and culture.

**Our Culture**

Join a team that values your contributions and invests in your success:

* **Empowerment:** We trust our team members to make decisions and take ownership of their work.
* **Recognition:** We celebrate achievements and reward excellence through our comprehensive recognition programs.
* **Development:** We invest in your growth with training, mentorship, and clear career progression paths.
* **Inclusivity:** We embrace diversity and create a welcoming environment for people of all backgrounds.
* **Communication:** We maintain open, transparent dialogue at all levels of the organization.
* **Safety First:** Your well-being is our priority – we maintain rigorous safety standards and protocols.
* **Community:** We give back to the communities we serve through volunteer programs and charitable initiatives.

**Major Tasks, Responsibilities, and Key Accountabilities**

* Participate in school committees, attend faculty meetings, and contribute to school improvement initiatives and community events
* Develop and implement engaging, standards-aligned lesson plans that accommodate diverse learning styles and differentiate instruction for students of varying abilities
* Adapt curriculum and teaching methods for students with special needs, working closely with special education staff to implement accommodations and modifications
* Foster critical thinking skills, encourage student inquiry, and create opportunities for authentic learning experiences that connect content to real-world applications
* Collaborate with fellow teachers, administrators, counselors, and support staff to coordinate curriculum, share best practices, and address student needs holistically
* Maintain accurate records of student attendance, grades, behavior incidents, and individualized education plan (IEP) progress, ensuring compliance with school policies
* Integrate technology effectively into instruction using learning management systems, educational software, and digital resources to enhance student learning
* Implement positive behavior management strategies, establish clear classroom expectations, and address disciplinary issues consistently and fairly
* Create inclusive classroom environment that promotes respect, encourages participation, and supports social-emotional development alongside academic growth
* Utilize variety of instructional strategies including direct instruction, collaborative learning, hands-on activities, and technology integration to maximize engagement
* Participate in professional development activities, pursue continuing education opportunities, and stay current with educational research and pedagogical innovations
* Organize and maintain classroom environment with appropriate learning materials, visual aids, and resources that support instructional objectives
* Communicate regularly with parents and guardians through conferences, progress reports, emails, and phone calls regarding student academic performance and behavior
* Supervise students during class time, transitions, lunch periods, and other assigned duties, ensuring safety and appropriate behavior at all times

**Qualifications and Requirements**

* Bachelor's degree in relevant discipline required; advanced degree preferred for senior positions
* Extensive experience required including supervisory or leadership responsibilities in similar environment
* Technical certification or licensure in relevant specialty area required or ability to obtain within specified timeframe
* Proficiency with Microsoft Office Suite including Excel, Word, PowerPoint, and Outlook required
* Outstanding customer service orientation with patience, empathy, and commitment to exceeding expectations
* Strong organizational skills with systematic approach to work and meticulous record-keeping
* Strong analytical and problem-solving abilities with keen attention to detail and accuracy
* Cultural competency and ability to work effectively with diverse populations and perspectives
* Professional demeanor with strong work ethic, reliability, and consistent punctuality
* Leadership capabilities with experience mentoring, training, or supervising others
* Capacity to lift, carry, push, and pull objects weighing up to 50 pounds regularly
* Valid driver's license with clean driving record required for positions involving vehicle operation
* Ability to pass background check, drug screening, and other pre-employment requirements
* Legal authorization to work in the United States with required documentation

**Physical and Environmental Requirements**

* Classroom environment requiring standing, walking, and movement throughout the day while instructing and supervising students
* Vocal demands from continuous speaking and projecting voice to groups of varying sizes throughout instructional day
* Occasional lifting of instructional materials, books, and supplies weighing up to 25 pounds when organizing classroom
* Extended periods of close work including reading student papers, grading assignments, and preparing materials
* Exposure to common childhood illnesses and need for maintaining healthy practices and hand hygiene
* May supervise students in various settings including playground, cafeteria, hallways, and off-campus field trips
* School year schedule with planning time, professional development days, and typical summer break period
* Evening and weekend time required for lesson planning, grading, parent conferences, and school events

**Compensation**

In accordance with our commitment to pay transparency and equity, we provide the following compensation information for this position. We carefully consider a wide range of factors when determining salary including but not limited to: location, relevant education, professional experience, demonstrated skills, and internal equity. Actual compensation will be determined through the interview process and may vary based on these factors.

$40,000 - $85,000 per year based on experience

**Equal Opportunity Employer Statement**

Learning Heights Institute is proud to be an equal opportunity employer committed to building a diverse and inclusive workforce. We believe that diverse perspectives and backgrounds strengthen our organization and drive innovation. We provide equal employment opportunities to all qualified applicants and employees regardless of race, color, religion, sex, gender identity, sexual orientation, national origin, age, disability, veteran status, genetic information, or any other legally protected characteristic.

We are committed to providing reasonable accommodations to individuals with disabilities throughout the application and employment process. If you require accommodation, please contact our Human Resources department to discuss your needs.

All employment decisions are based on qualifications, merit, and business needs. We do not tolerate discrimination or harassment of any kind and maintain a workplace culture of respect, dignity, and professionalism.

"
1790,"**A World-Class Team**

Comfort Inn & Suites is powered by dedicated professionals who make a real impact every day. Whether you're on the front lines serving customers, supporting operations, or shaping strategic initiatives, your work matters and contributes to our collective success.

We're a team built on purpose and opportunity. Join us and be part of something meaningful.


**Why You'll Love Working Here**

We understand that great benefits matter. Our comprehensive package is designed to support you and your family in all aspects of life.

**Here's what you can look forward to:**

* **Employee Discounts:** Exclusive discounts on products and services, plus perks with partner companies.
* **Wellness Programs:** Comprehensive wellness initiatives including gym membership discounts and health screenings.
* **Commuter Benefits:** Pre-tax savings on public transportation and parking expenses.
* **Paid Parental Leave:** Bonding time for new parents with paid leave for birth, adoption, or foster placement.
* **401(k) Retirement Plan:** Build your financial future with competitive company match (up to 6% of eligible compensation).
* **Life Insurance:** Company-paid life insurance with options for supplemental coverage for you and your family.
* **Employee Assistance Program:** Confidential counseling and support services for you and your household members.
* **Continuing Education:** Support for professional certifications and continuing education credits.
* **Professional Development:** Access to training programs, tuition reimbursement, and career advancement opportunities.
* **Health Insurance:** Choose from multiple medical plan options with dental and vision coverage available.
* **Stock Purchase Plan:** Opportunity to purchase company stock at a discount through payroll deductions.
* **Short/Long-Term Disability:** Income protection when you need it most, with both short-term and long-term disability options.

* Eligibility requirements and waiting periods may vary by position and employment status.

**Job Summary**

We are seeking a qualified Sommelier to join our team. This position plays a vital role in our operations and offers the opportunity to contribute to a dynamic organization committed to excellence. The ideal candidate will bring a combination of technical expertise, professional skills, and personal qualities that align with our values and culture.

**Our Culture**

Join a team that values your contributions and invests in your success:

* **Empowerment:** We trust our team members to make decisions and take ownership of their work.
* **Recognition:** We celebrate achievements and reward excellence through our comprehensive recognition programs.
* **Development:** We invest in your growth with training, mentorship, and clear career progression paths.
* **Inclusivity:** We embrace diversity and create a welcoming environment for people of all backgrounds.
* **Communication:** We maintain open, transparent dialogue at all levels of the organization.
* **Safety First:** Your well-being is our priority – we maintain rigorous safety standards and protocols.
* **Community:** We give back to the communities we serve through volunteer programs and charitable initiatives.

**Major Tasks, Responsibilities, and Key Accountabilities**

* Upsell room upgrades, amenities, and hotel services by identifying guest needs and presenting options that enhance their experience and increase revenue
* Maintain detailed knowledge of hotel facilities, services, local attractions, dining options, and transportation to provide informed recommendations to guests
* Greet guests with genuine warmth and professionalism upon arrival, creating positive first impressions and setting the tone for an exceptional stay experience
* Process check-ins and check-outs efficiently using property management systems, verifying reservations, collecting payments, and explaining hotel amenities and policies
* Handle guest inquiries, requests, and concerns promptly and professionally, utilizing problem-solving skills to resolve issues and ensure guest satisfaction
* Manage room inventory and reservations, optimize occupancy rates, process bookings through multiple channels, and coordinate with housekeeping regarding room status
* Process all forms of payment including cash, credit cards, and digital payments accurately while maintaining proper cash handling procedures and securing funds
* Handle emergency situations calmly and effectively, following established protocols for medical emergencies, security issues, and evacuations while ensuring guest safety
* Train new front desk staff on systems, procedures, customer service standards, and company policies, serving as a resource for less experienced team members
* Monitor guest feedback through surveys and online reviews, address negative comments professionally, and implement improvements based on guest input
* Coordinate with housekeeping, maintenance, and other departments to fulfill guest requests, address room issues, and ensure seamless service delivery
* Build lasting relationships with repeat guests by remembering preferences, personalizing service, and utilizing loyalty programs to encourage return visits
* Maintain lobby and front desk areas to hospitality standards, ensuring cleanliness, organization, and professional appearance at all times
* Process group bookings, coordinate with event planning teams, and manage special requests for conferences, weddings, and other large gatherings

**Qualifications and Requirements**

* High school diploma or equivalent required; Associate's or Bachelor's degree in related field preferred
* Extensive experience required including supervisory or leadership responsibilities in similar environment
* Strong computer skills including data entry, file management, and basic troubleshooting capabilities
* Leadership capabilities with experience mentoring, training, or supervising others
* Strong organizational skills with systematic approach to work and meticulous record-keeping
* Strong analytical and problem-solving abilities with keen attention to detail and accuracy
* Outstanding customer service orientation with patience, empathy, and commitment to exceeding expectations
* Proven ability to manage multiple priorities, meet deadlines, and adapt to changing circumstances
* Results-driven mindset with history of meeting or exceeding performance goals and targets
* Exceptional communication skills with ability to convey complex information clearly to diverse audiences
* Capacity to lift, carry, push, and pull objects weighing up to 50 pounds regularly
* Availability to work flexible schedule including evenings, weekends, and holidays as needed
* Valid driver's license with clean driving record required for positions involving vehicle operation

**Working Conditions**

* Indoor hotel environment with extended periods standing behind front desk or moving throughout property addressing guest needs
* Professional appearance and demeanor required at all times when interacting with guests and representing the property
* Shift work including early mornings, late evenings, overnight hours, weekends, and holidays to ensure 24/7 guest service coverage
* Requires lifting luggage and supplies up to 30 pounds; may assist guests with heavier items using proper techniques or equipment
* Fast-paced environment during peak check-in/check-out times requiring excellent multitasking and stress management abilities
* Potential exposure to difficult situations including guest complaints, emergencies, and security issues requiring composure
* Must maintain professional composure when dealing with demanding situations while upholding brand standards and hospitality

**Compensation**

In accordance with our commitment to pay transparency and equity, we provide the following compensation information for this position. We carefully consider a wide range of factors when determining salary including but not limited to: location, relevant education, professional experience, demonstrated skills, and internal equity. Actual compensation will be determined through the interview process and may vary based on these factors.

$13.00 - $22.00 per hour depending on experience and qualifications

**Equal Opportunity Employer Statement**

Comfort Inn & Suites is proud to be an equal opportunity employer committed to building a diverse and inclusive workforce. We believe that diverse perspectives and backgrounds strengthen our organization and drive innovation. We provide equal employment opportunities to all qualified applicants and employees regardless of race, color, religion, sex, gender identity, sexual orientation, national origin, age, disability, veteran status, genetic information, or any other legally protected characteristic.

We are committed to providing reasonable accommodations to individuals with disabilities throughout the application and employment process. If you require accommodation, please contact our Human Resources department to discuss your needs.

All employment decisions are based on qualifications, merit, and business needs. We do not tolerate discrimination or harassment of any kind and maintain a workplace culture of respect, dignity, and professionalism.

"
4085,"**A World-Class Team**

Cornerstone Builders is powered by dedicated professionals who make a real impact every day. Whether you're on the front lines serving customers, supporting operations, or shaping strategic initiatives, your work matters and contributes to our collective success.

We're a team built on purpose and opportunity. Join us and be part of something meaningful.


**Why You'll Love Working Here**

We believe in taking care of our team members. That's why we offer a comprehensive benefits package designed to support your health, well-being, and future – both on and off the job.

**Here's what you can look forward to:**

* **Flexible Spending Accounts:** Pre-tax savings for healthcare and dependent care expenses.
* **Paid Parental Leave:** Bonding time for new parents with paid leave for birth, adoption, or foster placement.
* **Health Insurance:** Choose from multiple medical plan options with dental and vision coverage available.
* **Short/Long-Term Disability:** Income protection when you need it most, with both short-term and long-term disability options.
* **Wellness Programs:** Comprehensive wellness initiatives including gym membership discounts and health screenings.
* **Commuter Benefits:** Pre-tax savings on public transportation and parking expenses.
* **Weekly/Bi-Weekly Pay:** Flexible pay schedule options to help you manage your finances on your terms.
* **Stock Purchase Plan:** Opportunity to purchase company stock at a discount through payroll deductions.
* **Performance Bonuses:** Quarterly and annual bonus opportunities based on individual and company performance.
* **Employee Discounts:** Exclusive discounts on products and services, plus perks with partner companies.
* **401(k) Retirement Plan:** Build your financial future with competitive company match (up to 6% of eligible compensation).

* Eligibility requirements and waiting periods may vary by position and employment status.

**Job Summary**

We are seeking a qualified Carpenter to join our team. This position plays a vital role in our operations and offers the opportunity to contribute to a dynamic organization committed to excellence. The ideal candidate will bring a combination of technical expertise, professional skills, and personal qualities that align with our values and culture.

**Our Team Values**

We believe in creating a workplace where every team member can thrive. Our core values guide everything we do:

* **Integrity:** We act with honesty and transparency in all our interactions, building trust with our team and customers.
* **Excellence:** We strive for flawless execution and hold ourselves accountable for delivering outstanding results.
* **Collaboration:** We work together with respect and inclusion, embracing diverse perspectives to achieve our goals.
* **Innovation:** We move with speed and agility, adapting quickly to meet the evolving needs of our industry.
* **Customer Focus:** We lead with the customer in mind, ensuring every decision creates value and exceeds expectations.
* **Safety:** We maintain a safe and positive environment for our team members and those we serve.
* **Accountability:** We take ownership of our work and deliver on our commitments with pride and professionalism.

**Major Tasks, Responsibilities, and Key Accountabilities**

* Perform construction tasks according to project specifications, blueprints, and building codes while maintaining high standards of workmanship and attention to detail
* Measure, cut, and install materials precisely using appropriate tools and techniques, verifying measurements and making adjustments as needed for proper fit
* Collaborate with team members, subcontractors, and supervisors to coordinate activities, troubleshoot issues, and ensure project milestones are met on schedule
* Conduct daily safety inspections, identify hazards, report unsafe conditions immediately, and participate in toolbox talks and safety training sessions
* Prepare work sites by setting up barriers, signage, and safety equipment, organizing materials and tools, and ensuring proper staging for efficient workflow
* Read and interpret construction documents including blueprints, specifications, shop drawings, and technical diagrams to execute work accurately
* Respond to changing project conditions and last-minute modifications, adapting work approaches while maintaining quality standards and safety protocols
* Load and unload materials, transport supplies to work areas, and operate material handling equipment including forklifts and pallet jacks when certified
* Operate hand tools, power tools, and heavy equipment safely and efficiently, following manufacturer guidelines and OSHA safety regulations
* Maintain clean and organized work areas, properly dispose of construction debris, and ensure compliance with site housekeeping standards and environmental regulations
* Document daily activities including hours worked, materials used, and progress made, reporting information to supervisors for project tracking purposes
* Protect existing structures and finished surfaces during construction activities, using appropriate covering materials and exercising care when working in occupied spaces

**Qualifications and Requirements**

* High school diploma or equivalent required; Associate's or Bachelor's degree in related field preferred
* 5+ years of professional experience with demonstrated track record of success and increasing responsibilities
* Familiarity with point-of-sale systems, inventory management software, or customer relationship management tools
* Results-driven mindset with history of meeting or exceeding performance goals and targets
* Strong organizational skills with systematic approach to work and meticulous record-keeping
* Exceptional communication skills with ability to convey complex information clearly to diverse audiences
* Collaborative team player who also works effectively independently with minimal supervision
* Cultural competency and ability to work effectively with diverse populations and perspectives
* Proven ability to manage multiple priorities, meet deadlines, and adapt to changing circumstances
* Strong analytical and problem-solving abilities with keen attention to detail and accuracy
* Ability to stand, walk, and remain mobile for extended periods during scheduled shifts
* Stamina to perform physical tasks in varying weather conditions and environmental settings
* Valid driver's license with clean driving record required for positions involving vehicle operation
* Ability to pass background check, drug screening, and other pre-employment requirements

**Physical Demands and Job Site Conditions**

* Outdoor construction environment requiring work in all weather conditions including heat, cold, rain, and varying temperatures
* Extremely physically demanding work including heavy lifting (50+ pounds regularly), climbing, bending, and sustained physical effort
* Work at heights on ladders, scaffolding, or elevated platforms requiring comfort with heights and proper safety equipment use
* Exposure to loud noise from power tools and equipment requiring hearing protection and adherence to OSHA standards
* Confined spaces, trenches, and challenging work positions requiring flexibility, strength, and specific safety training
* Requires wearing personal protective equipment including hard hats, safety glasses, gloves, and steel-toed boots at all times
* Early start times typical (6:00-7:00 AM) with 8-10 hour days; overtime and weekend work common during peak season
* Exposure to dust, fumes, chemicals, and construction materials requiring respiratory protection in certain situations

**Compensation**

In accordance with our commitment to pay transparency and equity, we provide the following compensation information for this position. We carefully consider a wide range of factors when determining salary including but not limited to: location, relevant education, professional experience, demonstrated skills, and internal equity. Actual compensation will be determined through the interview process and may vary based on these factors.

Starting from $18.00 per hour

**Equal Opportunity Employer Statement**

Cornerstone Builders is proud to be an equal opportunity employer committed to building a diverse and inclusive workforce. We believe that diverse perspectives and backgrounds strengthen our organization and drive innovation. We provide equal employment opportunities to all qualified applicants and employees regardless of race, color, religion, sex, gender identity, sexual orientation, national origin, age, disability, veteran status, genetic information, or any other legally protected characteristic.

We are committed to providing reasonable accommodations to individuals with disabilities throughout the application and employment process. If you require accommodation, please contact our Human Resources department to discuss your needs.

All employment decisions are based on qualifications, merit, and business needs. We do not tolerate discrimination or harassment of any kind and maintain a workplace culture of respect, dignity, and professionalism.

"
84,"**A World-Class Team**

Riverside Medical Group is powered by dedicated professionals who make a real impact every day. Whether you're on the front lines serving customers, supporting operations, or shaping strategic initiatives, your work matters and contributes to our collective success.

We're a team built on purpose and opportunity. Join us and be part of something meaningful.


**Why You'll Love Working Here**

We believe in taking care of our team members. That's why we offer a comprehensive benefits package designed to support your health, well-being, and future – both on and off the job.

**Here's what you can look forward to:**

* **401(k) Retirement Plan:** Build your financial future with competitive company match (up to 6% of eligible compensation).
* **Wellness Programs:** Comprehensive wellness initiatives including gym membership discounts and health screenings.
* **Commuter Benefits:** Pre-tax savings on public transportation and parking expenses.
* **Health Insurance:** Choose from multiple medical plan options with dental and vision coverage available.
* **Employee Discounts:** Exclusive discounts on products and services, plus perks with partner companies.
* **Life Insurance:** Company-paid life insurance with options for supplemental coverage for you and your family.
* **Paid Parental Leave:** Bonding time for new parents with paid leave for birth, adoption, or foster placement.
* **Stock Purchase Plan:** Opportunity to purchase company stock at a discount through payroll deductions.

* Eligibility requirements and waiting periods may vary by position and employment status.

**Job Summary**

We are seeking a qualified Medical Billing Specialist to join our team. This position plays a vital role in our operations and offers the opportunity to contribute to a dynamic organization committed to excellence. The ideal candidate will bring a combination of technical expertise, professional skills, and personal qualities that align with our values and culture.

**Our Team Values**

We believe in creating a workplace where every team member can thrive. Our core values guide everything we do:

* **Integrity:** We act with honesty and transparency in all our interactions, building trust with our team and customers.
* **Excellence:** We strive for flawless execution and hold ourselves accountable for delivering outstanding results.
* **Collaboration:** We work together with respect and inclusion, embracing diverse perspectives to achieve our goals.
* **Innovation:** We move with speed and agility, adapting quickly to meet the evolving needs of our industry.
* **Customer Focus:** We lead with the customer in mind, ensuring every decision creates value and exceeds expectations.
* **Safety:** We maintain a safe and positive environment for our team members and those we serve.
* **Accountability:** We take ownership of our work and deliver on our commitments with pride and professionalism.

**Major Tasks, Responsibilities, and Key Accountabilities**

* Provide direct patient care in accordance with established protocols, physician orders, and nursing best practices while maintaining patient safety and dignity
* Administer medications, treatments, and procedures as prescribed, following the five rights of medication administration and monitoring patients for therapeutic effects and adverse reactions
* Assist with diagnostic procedures, prepare patients appropriately, explain processes to reduce anxiety, and monitor patients throughout procedures for safety
* Participate in quality improvement initiatives, contribute to patient safety programs, and implement evidence-based practice changes to enhance care delivery
* Collaborate with interdisciplinary healthcare team members including physicians, therapists, social workers, and case managers to develop and implement comprehensive care plans
* Maintain strict compliance with HIPAA regulations, patient privacy standards, infection control protocols, and all applicable healthcare regulations and accreditation requirements
* Complete thorough and timely documentation of all patient interactions, assessments, interventions, and outcomes in compliance with legal and regulatory requirements
* Perform wound care, IV therapy, catheterization, and other clinical procedures according to established protocols while maintaining sterile technique and patient comfort
* Conduct comprehensive patient assessments including vital signs, medical history, current symptoms, and psychosocial factors, documenting findings accurately in electronic health records
* Respond to emergency situations with appropriate interventions, activate rapid response teams when necessary, and provide critical care support as needed
* Educate patients and families about diagnoses, treatment plans, medications, and self-care techniques, ensuring understanding and addressing questions or concerns
* Participate in continuing education programs, maintain professional certifications, and stay current with clinical guidelines and healthcare advancements

**Qualifications and Requirements**

* High school diploma or equivalent required; Associate's or Bachelor's degree in related field preferred
* 5+ years of professional experience with demonstrated track record of success and increasing responsibilities
* Experience with industry-specific software systems and demonstrated ability to learn new technologies quickly
* Familiarity with point-of-sale systems, inventory management software, or customer relationship management tools
* Leadership capabilities with experience mentoring, training, or supervising others
* Collaborative team player who also works effectively independently with minimal supervision
* Results-driven mindset with history of meeting or exceeding performance goals and targets
* Strong organizational skills with systematic approach to work and meticulous record-keeping
* Exceptional communication skills with ability to convey complex information clearly to diverse audiences
* Capacity to lift, carry, push, and pull objects weighing up to 50 pounds regularly
* Ability to pass background check, drug screening, and other pre-employment requirements
* Availability to work flexible schedule including evenings, weekends, and holidays as needed
* Legal authorization to work in the United States with required documentation

**Physical Requirements and Work Environment**

* Healthcare facility environment requiring strict adherence to infection control protocols and sterile technique procedures
* Prolonged periods of standing and walking throughout facility, often covering significant distance during 8-12 hour shifts
* Frequent lifting, turning, and repositioning of patients requiring proper body mechanics and often team coordination for safety
* Regular exposure to bodily fluids, infectious diseases, and hazardous materials necessitating use of personal protective equipment
* Emotionally demanding work involving serious illnesses, end-of-life care, and critical situations requiring emotional resilience
* Shift work including days, nights, weekends, and holidays based on department needs and patient care requirements
* Fast-paced environment with frequent interruptions requiring ability to prioritize and multitask effectively under pressure
* Exposure to hospital noise levels including alarms, overhead pages, and equipment sounds in clinical areas

**Compensation**

In accordance with our commitment to pay transparency and equity, we provide the following compensation information for this position. We carefully consider a wide range of factors when determining salary including but not limited to: location, relevant education, professional experience, demonstrated skills, and internal equity. Actual compensation will be determined through the interview process and may vary based on these factors.

$45,000 - $110,000 per year based on experience

**Equal Opportunity Employer Statement**

Riverside Medical Group is proud to be an equal opportunity employer committed to building a diverse and inclusive workforce. We believe that diverse perspectives and backgrounds strengthen our organization and drive innovation. We provide equal employment opportunities to all qualified applicants and employees regardless of race, color, religion, sex, gender identity, sexual orientation, national origin, age, disability, veteran status, genetic information, or any other legally protected characteristic.

We are committed to providing reasonable accommodations to individuals with disabilities throughout the application and employment process. If you require accommodation, please contact our Human Resources department to discuss your needs.

All employment decisions are based on qualifications, merit, and business needs. We do not tolerate discrimination or harassment of any kind and maintain a workplace culture of respect, dignity, and professionalism.

"
2369,"**A World-Class Team**

Secure Investments is powered by dedicated professionals who make a real impact every day. Whether you're on the front lines serving customers, supporting operations, or shaping strategic initiatives, your work matters and contributes to our collective success.

We're a team built on purpose and opportunity. Join us and be part of something meaningful.


**Why You'll Love Working Here**

Your well-being is our priority. We offer a robust benefits program that goes beyond the basics to truly support our team members.

**Here's what you can look forward to:**

* **Employee Assistance Program:** Confidential counseling and support services for you and your household members.
* **Performance Bonuses:** Quarterly and annual bonus opportunities based on individual and company performance.
* **Commuter Benefits:** Pre-tax savings on public transportation and parking expenses.
* **Health Insurance:** Choose from multiple medical plan options with dental and vision coverage available.
* **Paid Time Off:** Generous PTO including vacation days, personal days, sick leave, and paid holidays.
* **Weekly/Bi-Weekly Pay:** Flexible pay schedule options to help you manage your finances on your terms.
* **Employee Discounts:** Exclusive discounts on products and services, plus perks with partner companies.
* **Continuing Education:** Support for professional certifications and continuing education credits.
* **Paid Parental Leave:** Bonding time for new parents with paid leave for birth, adoption, or foster placement.
* **Life Insurance:** Company-paid life insurance with options for supplemental coverage for you and your family.
* **Stock Purchase Plan:** Opportunity to purchase company stock at a discount through payroll deductions.

* Eligibility requirements and waiting periods may vary by position and employment status.

**Job Summary**

We are seeking a qualified Investment Analyst to join our team. This position plays a vital role in our operations and offers the opportunity to contribute to a dynamic organization committed to excellence. The ideal candidate will bring a combination of technical expertise, professional skills, and personal qualities that align with our values and culture.

**Our Team Values**

We believe in creating a workplace where every team member can thrive. Our core values guide everything we do:

* **Integrity:** We act with honesty and transparency in all our interactions, building trust with our team and customers.
* **Excellence:** We strive for flawless execution and hold ourselves accountable for delivering outstanding results.
* **Collaboration:** We work together with respect and inclusion, embracing diverse perspectives to achieve our goals.
* **Innovation:** We move with speed and agility, adapting quickly to meet the evolving needs of our industry.
* **Customer Focus:** We lead with the customer in mind, ensuring every decision creates value and exceeds expectations.
* **Safety:** We maintain a safe and positive environment for our team members and those we serve.
* **Accountability:** We take ownership of our work and deliver on our commitments with pride and professionalism.

**Major Tasks, Responsibilities, and Key Accountabilities**

* Monitor accounts receivable aging, follow up on overdue payments, and work with sales teams to resolve customer billing issues and improve collections
* Process and reconcile accounts payable and receivable transactions, verify accuracy of invoices and payments, and resolve discrepancies in timely manner
* Implement and maintain accounting systems and software, recommend process improvements, and automate routine tasks to enhance efficiency and accuracy
* Research and interpret tax regulations, prepare tax returns, and coordinate with external tax advisors to ensure compliance and optimize tax positions
* Prepare management reports and dashboards presenting key performance indicators, financial metrics, and trend analysis for executive review
* Conduct variance analysis comparing actual results to budgets and forecasts, investigating significant deviations and providing explanations to stakeholders
* Manage cash flow by monitoring bank balances, preparing cash forecasts, processing wire transfers, and optimizing working capital utilization
* Analyze financial data, prepare detailed reports, and present findings to management with actionable insights and recommendations for strategic decision-making
* Support external audit processes by preparing requested documentation, responding to auditor inquiries, and implementing recommendations for internal control improvements
* Prepare monthly, quarterly, and annual financial statements including balance sheets, income statements, and cash flow statements with supporting schedules
* Ensure compliance with accounting principles (GAAP), financial regulations, internal controls, and audit requirements through meticulous documentation and process adherence
* Develop and maintain financial models for scenario planning, business case analysis, and investment evaluation to support strategic initiatives
* Maintain general ledger integrity by posting journal entries, performing month-end closes, and ensuring all transactions are properly classified and recorded

**Qualifications and Requirements**

* High school diploma required with demonstrated technical aptitude and willingness to learn
* Extensive experience required including supervisory or leadership responsibilities in similar environment
* Familiarity with point-of-sale systems, inventory management software, or customer relationship management tools
* Outstanding customer service orientation with patience, empathy, and commitment to exceeding expectations
* Professional demeanor with strong work ethic, reliability, and consistent punctuality
* Strong analytical and problem-solving abilities with keen attention to detail and accuracy
* Strong organizational skills with systematic approach to work and meticulous record-keeping
* Collaborative team player who also works effectively independently with minimal supervision
* Visual acuity to read documents, computer screens, and observe details at varying distances
* Availability to work flexible schedule including evenings, weekends, and holidays as needed
* Professional references from previous supervisors or colleagues who can attest to qualifications

**Work Environment and Conditions**

* Professional office setting with business professional or business casual dress code depending on client interaction
* Primarily computer-based work requiring extended focus on financial data, spreadsheets, and analytical software
* Standard business hours Monday through Friday with flexibility based on workload and month-end/year-end closing periods
* Extended hours required during tax season, audit periods, and fiscal year-end close processes
* Minimal physical demands; sedentary position with occasional movement for meetings, printing, and file retrieval
* Collaborative environment requiring both independent work and team coordination on projects and analyses
* May require occasional travel to client sites, company locations, or professional development conferences
* Deadline-driven environment requiring strong time management and ability to maintain accuracy under pressure

**Compensation**

In accordance with our commitment to pay transparency and equity, we provide the following compensation information for this position. We carefully consider a wide range of factors when determining salary including but not limited to: location, relevant education, professional experience, demonstrated skills, and internal equity. Actual compensation will be determined through the interview process and may vary based on these factors.

$55,000 - $120,000 per year based on experience

**Equal Opportunity Employer Statement**

Secure Investments is proud to be an equal opportunity employer committed to building a diverse and inclusive workforce. We believe that diverse perspectives and backgrounds strengthen our organization and drive innovation. We provide equal employment opportunities to all qualified applicants and employees regardless of race, color, religion, sex, gender identity, sexual orientation, national origin, age, disability, veteran status, genetic information, or any other legally protected characteristic.

We are committed to providing reasonable accommodations to individuals with disabilities throughout the application and employment process. If you require accommodation, please contact our Human Resources department to discuss your needs.

All employment decisions are based on qualifications, merit, and business needs. We do not tolerate discrimination or harassment of any kind and maintain a workplace culture of respect, dignity, and professionalism.

"
3416,"**A World-Class Team**

Secure Investments is powered by dedicated professionals who make a real impact every day. Whether you're on the front lines serving customers, supporting operations, or shaping strategic initiatives, your work matters and contributes to our collective success.

We're a team built on purpose and opportunity. Join us and be part of something meaningful.


**Why You'll Love Working Here**

We believe in taking care of our team members. That's why we offer a comprehensive benefits package designed to support your health, well-being, and future – both on and off the job.

**Here's what you can look forward to:**

* **Employee Discounts:** Exclusive discounts on products and services, plus perks with partner companies.
* **Wellness Programs:** Comprehensive wellness initiatives including gym membership discounts and health screenings.
* **Performance Bonuses:** Quarterly and annual bonus opportunities based on individual and company performance.
* **Professional Development:** Access to training programs, tuition reimbursement, and career advancement opportunities.
* **Health Insurance:** Choose from multiple medical plan options with dental and vision coverage available.
* **401(k) Retirement Plan:** Build your financial future with competitive company match (up to 6% of eligible compensation).
* **Flexible Spending Accounts:** Pre-tax savings for healthcare and dependent care expenses.
* **Paid Time Off:** Generous PTO including vacation days, personal days, sick leave, and paid holidays.
* **Continuing Education:** Support for professional certifications and continuing education credits.
* **Employee Assistance Program:** Confidential counseling and support services for you and your household members.

* Eligibility requirements and waiting periods may vary by position and employment status.

**Job Summary**

We are seeking a qualified Risk Manager to join our team. This position plays a vital role in our operations and offers the opportunity to contribute to a dynamic organization committed to excellence. The ideal candidate will bring a combination of technical expertise, professional skills, and personal qualities that align with our values and culture.

**Our Team Values**

We believe in creating a workplace where every team member can thrive. Our core values guide everything we do:

* **Integrity:** We act with honesty and transparency in all our interactions, building trust with our team and customers.
* **Excellence:** We strive for flawless execution and hold ourselves accountable for delivering outstanding results.
* **Collaboration:** We work together with respect and inclusion, embracing diverse perspectives to achieve our goals.
* **Innovation:** We move with speed and agility, adapting quickly to meet the evolving needs of our industry.
* **Customer Focus:** We lead with the customer in mind, ensuring every decision creates value and exceeds expectations.
* **Safety:** We maintain a safe and positive environment for our team members and those we serve.
* **Accountability:** We take ownership of our work and deliver on our commitments with pride and professionalism.

**Major Tasks, Responsibilities, and Key Accountabilities**

* Support external audit processes by preparing requested documentation, responding to auditor inquiries, and implementing recommendations for internal control improvements
* Develop and maintain financial models for scenario planning, business case analysis, and investment evaluation to support strategic initiatives
* Prepare management reports and dashboards presenting key performance indicators, financial metrics, and trend analysis for executive review
* Conduct variance analysis comparing actual results to budgets and forecasts, investigating significant deviations and providing explanations to stakeholders
* Research and interpret tax regulations, prepare tax returns, and coordinate with external tax advisors to ensure compliance and optimize tax positions
* Monitor accounts receivable aging, follow up on overdue payments, and work with sales teams to resolve customer billing issues and improve collections
* Implement and maintain accounting systems and software, recommend process improvements, and automate routine tasks to enhance efficiency and accuracy
* Assist with budget preparation and forecasting by gathering historical data, analyzing trends, and collaborating with department heads on projections
* Prepare monthly, quarterly, and annual financial statements including balance sheets, income statements, and cash flow statements with supporting schedules
* Stay current with changes in accounting standards, tax laws, and financial regulations through continuing professional education and industry publications
* Analyze financial data, prepare detailed reports, and present findings to management with actionable insights and recommendations for strategic decision-making
* Maintain general ledger integrity by posting journal entries, performing month-end closes, and ensuring all transactions are properly classified and recorded

**Qualifications and Requirements**

* High school diploma or equivalent required; Associate's or Bachelor's degree in related field preferred
* Minimum 2-3 years of progressive experience in similar role within the industry
* Proficiency with Microsoft Office Suite including Excel, Word, PowerPoint, and Outlook required
* Collaborative team player who also works effectively independently with minimal supervision
* Strong analytical and problem-solving abilities with keen attention to detail and accuracy
* Results-driven mindset with history of meeting or exceeding performance goals and targets
* Proven ability to manage multiple priorities, meet deadlines, and adapt to changing circumstances
* Leadership capabilities with experience mentoring, training, or supervising others
* Stamina to perform physical tasks in varying weather conditions and environmental settings
* Legal authorization to work in the United States with required documentation
* Professional references from previous supervisors or colleagues who can attest to qualifications
* Availability to work flexible schedule including evenings, weekends, and holidays as needed

**Work Environment and Conditions**

* Professional office setting with business professional or business casual dress code depending on client interaction
* Primarily computer-based work requiring extended focus on financial data, spreadsheets, and analytical software
* Standard business hours Monday through Friday with flexibility based on workload and month-end/year-end closing periods
* Extended hours required during tax season, audit periods, and fiscal year-end close processes
* Minimal physical demands; sedentary position with occasional movement for meetings, printing, and file retrieval
* Collaborative environment requiring both independent work and team coordination on projects and analyses
* May require occasional travel to client sites, company locations, or professional development conferences
* Deadline-driven environment requiring strong time management and ability to maintain accuracy under pressure

**Compensation**

In accordance with our commitment to pay transparency and equity, we provide the following compensation information for this position. We carefully consider a wide range of factors when determining salary including but not limited to: location, relevant education, professional experience, demonstrated skills, and internal equity. Actual compensation will be determined through the interview process and may vary based on these factors.

$55,000 - $120,000 per year based on experience

**Equal Opportunity Employer Statement**

Secure Investments is proud to be an equal opportunity employer committed to building a diverse and inclusive workforce. We believe that diverse perspectives and backgrounds strengthen our organization and drive innovation. We provide equal employment opportunities to all qualified applicants and employees regardless of race, color, religion, sex, gender identity, sexual orientation, national origin, age, disability, veteran status, genetic information, or any other legally protected characteristic.

We are committed to providing reasonable accommodations to individuals with disabilities throughout the application and employment process. If you require accommodation, please contact our Human Resources department to discuss your needs.

All employment decisions are based on qualifications, merit, and business needs. We do not tolerate discrimination or harassment of any kind and maintain a workplace culture of respect, dignity, and professionalism.

"
3536,"**A World-Class Team**

Riverside Medical Group is powered by dedicated professionals who make a real impact every day. Whether you're on the front lines serving customers, supporting operations, or shaping strategic initiatives, your work matters and contributes to our collective success.

We're a team built on purpose and opportunity. Join us and be part of something meaningful.


**Why You'll Love Working Here**

We believe in taking care of our team members. That's why we offer a comprehensive benefits package designed to support your health, well-being, and future – both on and off the job.

**Here's what you can look forward to:**

* **Wellness Programs:** Comprehensive wellness initiatives including gym membership discounts and health screenings.
* **Flexible Spending Accounts:** Pre-tax savings for healthcare and dependent care expenses.
* **Performance Bonuses:** Quarterly and annual bonus opportunities based on individual and company performance.
* **Employee Assistance Program:** Confidential counseling and support services for you and your household members.
* **Paid Time Off:** Generous PTO including vacation days, personal days, sick leave, and paid holidays.
* **Commuter Benefits:** Pre-tax savings on public transportation and parking expenses.
* **Continuing Education:** Support for professional certifications and continuing education credits.
* **Professional Development:** Access to training programs, tuition reimbursement, and career advancement opportunities.
* **Short/Long-Term Disability:** Income protection when you need it most, with both short-term and long-term disability options.
* **Health Insurance:** Choose from multiple medical plan options with dental and vision coverage available.

* Eligibility requirements and waiting periods may vary by position and employment status.

**Job Summary**

We are seeking a qualified Radiology Technician to join our team. This position plays a vital role in our operations and offers the opportunity to contribute to a dynamic organization committed to excellence. The ideal candidate will bring a combination of technical expertise, professional skills, and personal qualities that align with our values and culture.

**Our Culture**

Join a team that values your contributions and invests in your success:

* **Empowerment:** We trust our team members to make decisions and take ownership of their work.
* **Recognition:** We celebrate achievements and reward excellence through our comprehensive recognition programs.
* **Development:** We invest in your growth with training, mentorship, and clear career progression paths.
* **Inclusivity:** We embrace diversity and create a welcoming environment for people of all backgrounds.
* **Communication:** We maintain open, transparent dialogue at all levels of the organization.
* **Safety First:** Your well-being is our priority – we maintain rigorous safety standards and protocols.
* **Community:** We give back to the communities we serve through volunteer programs and charitable initiatives.

**Major Tasks, Responsibilities, and Key Accountabilities**

* Assist with diagnostic procedures, prepare patients appropriately, explain processes to reduce anxiety, and monitor patients throughout procedures for safety
* Manage patient flow including admissions, transfers, and discharges, ensuring smooth transitions and coordinating with various departments for continuity of care
* Monitor patient conditions continuously, identify changes in status, and promptly report concerning findings to physicians and charge nurses for timely intervention
* Conduct comprehensive patient assessments including vital signs, medical history, current symptoms, and psychosocial factors, documenting findings accurately in electronic health records
* Participate in continuing education programs, maintain professional certifications, and stay current with clinical guidelines and healthcare advancements
* Perform wound care, IV therapy, catheterization, and other clinical procedures according to established protocols while maintaining sterile technique and patient comfort
* Educate patients and families about diagnoses, treatment plans, medications, and self-care techniques, ensuring understanding and addressing questions or concerns
* Administer medications, treatments, and procedures as prescribed, following the five rights of medication administration and monitoring patients for therapeutic effects and adverse reactions
* Provide direct patient care in accordance with established protocols, physician orders, and nursing best practices while maintaining patient safety and dignity
* Maintain strict compliance with HIPAA regulations, patient privacy standards, infection control protocols, and all applicable healthcare regulations and accreditation requirements
* Participate in quality improvement initiatives, contribute to patient safety programs, and implement evidence-based practice changes to enhance care delivery
* Collaborate with interdisciplinary healthcare team members including physicians, therapists, social workers, and case managers to develop and implement comprehensive care plans
* Complete thorough and timely documentation of all patient interactions, assessments, interventions, and outcomes in compliance with legal and regulatory requirements

**Qualifications and Requirements**

* High school diploma or equivalent required; Associate's or Bachelor's degree in related field preferred
* Minimum 2-3 years of progressive experience in similar role within the industry
* Experience with industry-specific software systems and demonstrated ability to learn new technologies quickly
* Results-driven mindset with history of meeting or exceeding performance goals and targets
* Strong organizational skills with systematic approach to work and meticulous record-keeping
* Cultural competency and ability to work effectively with diverse populations and perspectives
* Exceptional communication skills with ability to convey complex information clearly to diverse audiences
* Strong analytical and problem-solving abilities with keen attention to detail and accuracy
* Outstanding customer service orientation with patience, empathy, and commitment to exceeding expectations
* Collaborative team player who also works effectively independently with minimal supervision
* Ability to stand, walk, and remain mobile for extended periods during scheduled shifts
* Stamina to perform physical tasks in varying weather conditions and environmental settings
* Valid driver's license with clean driving record required for positions involving vehicle operation
* Availability to work flexible schedule including evenings, weekends, and holidays as needed

**Physical Requirements and Work Environment**

* Healthcare facility environment requiring strict adherence to infection control protocols and sterile technique procedures
* Prolonged periods of standing and walking throughout facility, often covering significant distance during 8-12 hour shifts
* Frequent lifting, turning, and repositioning of patients requiring proper body mechanics and often team coordination for safety
* Regular exposure to bodily fluids, infectious diseases, and hazardous materials necessitating use of personal protective equipment
* Emotionally demanding work involving serious illnesses, end-of-life care, and critical situations requiring emotional resilience
* Shift work including days, nights, weekends, and holidays based on department needs and patient care requirements
* Fast-paced environment with frequent interruptions requiring ability to prioritize and multitask effectively under pressure
* Exposure to hospital noise levels including alarms, overhead pages, and equipment sounds in clinical areas

**Compensation**

In accordance with our commitment to pay transparency and equity, we provide the following compensation information for this position. We carefully consider a wide range of factors when determining salary including but not limited to: location, relevant education, professional experience, demonstrated skills, and internal equity. Actual compensation will be determined through the interview process and may vary based on these factors.

$45,000 - $110,000 per year based on experience

**Equal Opportunity Employer Statement**

Riverside Medical Group is proud to be an equal opportunity employer committed to building a diverse and inclusive workforce. We believe that diverse perspectives and backgrounds strengthen our organization and drive innovation. We provide equal employment opportunities to all qualified applicants and employees regardless of race, color, religion, sex, gender identity, sexual orientation, national origin, age, disability, veteran status, genetic information, or any other legally protected characteristic.

We are committed to providing reasonable accommodations to individuals with disabilities throughout the application and employment process. If you require accommodation, please contact our Human Resources department to discuss your needs.

All employment decisions are based on qualifications, merit, and business needs. We do not tolerate discrimination or harassment of any kind and maintain a workplace culture of respect, dignity, and professionalism.

"
4601,"**A World-Class Team**

EcoLawn Professionals is powered by dedicated professionals who make a real impact every day. Whether you're on the front lines serving customers, supporting operations, or shaping strategic initiatives, your work matters and contributes to our collective success.

We're a team built on purpose and opportunity. Join us and be part of something meaningful.


**Why You'll Love Working Here**

We believe in taking care of our team members. That's why we offer a comprehensive benefits package designed to support your health, well-being, and future – both on and off the job.

**Here's what you can look forward to:**

* **Professional Development:** Access to training programs, tuition reimbursement, and career advancement opportunities.
* **Employee Assistance Program:** Confidential counseling and support services for you and your household members.
* **Health Insurance:** Choose from multiple medical plan options with dental and vision coverage available.
* **Commuter Benefits:** Pre-tax savings on public transportation and parking expenses.
* **Life Insurance:** Company-paid life insurance with options for supplemental coverage for you and your family.
* **Flexible Spending Accounts:** Pre-tax savings for healthcare and dependent care expenses.
* **Paid Parental Leave:** Bonding time for new parents with paid leave for birth, adoption, or foster placement.
* **Performance Bonuses:** Quarterly and annual bonus opportunities based on individual and company performance.
* **401(k) Retirement Plan:** Build your financial future with competitive company match (up to 6% of eligible compensation).
* **Short/Long-Term Disability:** Income protection when you need it most, with both short-term and long-term disability options.
* **Wellness Programs:** Comprehensive wellness initiatives including gym membership discounts and health screenings.
* **Paid Time Off:** Generous PTO including vacation days, personal days, sick leave, and paid holidays.

* Eligibility requirements and waiting periods may vary by position and employment status.

**Job Summary**

We are seeking a qualified Plant Health Specialist to join our team. This position plays a vital role in our operations and offers the opportunity to contribute to a dynamic organization committed to excellence. The ideal candidate will bring a combination of technical expertise, professional skills, and personal qualities that align with our values and culture.

**Our Culture**

Join a team that values your contributions and invests in your success:

* **Empowerment:** We trust our team members to make decisions and take ownership of their work.
* **Recognition:** We celebrate achievements and reward excellence through our comprehensive recognition programs.
* **Development:** We invest in your growth with training, mentorship, and clear career progression paths.
* **Inclusivity:** We embrace diversity and create a welcoming environment for people of all backgrounds.
* **Communication:** We maintain open, transparent dialogue at all levels of the organization.
* **Safety First:** Your well-being is our priority – we maintain rigorous safety standards and protocols.
* **Community:** We give back to the communities we serve through volunteer programs and charitable initiatives.

**Major Tasks, Responsibilities, and Key Accountabilities**

* Design and install irrigation systems, program controllers, troubleshoot issues, and perform seasonal adjustments to ensure optimal water efficiency and plant health
* Apply fertilizers, pesticides, and herbicides according to state regulations and company procedures, maintaining proper application records and safety data sheets
* Communicate professionally with clients regarding service schedules, project progress, plant care recommendations, and additional service opportunities
* Operate and maintain landscaping equipment including mowers, trimmers, blowers, aerators, and power tools, following safety protocols and performing routine maintenance
* Diagnose and treat plant diseases, pest infestations, and nutrient deficiencies, implementing integrated pest management strategies for sustainable solutions
* Follow sustainable landscaping practices including water conservation, organic methods, native plant installation, and environmentally responsible disposal
* Train and supervise crew members, assign daily tasks, ensure quality standards are met, and promote safe work practices throughout all operations
* Document services performed, take before and after photos, track materials used, and maintain accurate records for billing and quality assurance purposes
* Install and maintain plants, trees, shrubs, and flowers according to design specifications, considering sun exposure, soil conditions, and seasonal factors
* Adapt work schedules and priorities based on weather conditions, seasonal demands, and emergency situations while maintaining service commitments
* Maintain company vehicles and equipment through daily inspections, cleaning, fueling, and reporting maintenance needs to prevent breakdowns
* Conduct property assessments, prepare estimates for new projects, and make recommendations for improvements that enhance curb appeal and property value
* Prepare landscape beds through soil preparation, mulching, edging, and planting, creating attractive and sustainable garden spaces for clients
* Construct hardscape features including patios, walkways, retaining walls, and decorative elements using pavers, stone, and other materials
* Perform comprehensive landscape maintenance including mowing, edging, trimming, weeding, and blowing to maintain properties at highest aesthetic standards

**Qualifications and Requirements**

* High school diploma or equivalent required; Associate's or Bachelor's degree in related field preferred
* Extensive experience required including supervisory or leadership responsibilities in similar environment
* Familiarity with point-of-sale systems, inventory management software, or customer relationship management tools
* Collaborative team player who also works effectively independently with minimal supervision
* Proven ability to manage multiple priorities, meet deadlines, and adapt to changing circumstances
* Exceptional communication skills with ability to convey complex information clearly to diverse audiences
* Results-driven mindset with history of meeting or exceeding performance goals and targets
* Professional demeanor with strong work ethic, reliability, and consistent punctuality
* Manual dexterity to operate equipment, tools, and computer keyboards with precision
* Ability to pass background check, drug screening, and other pre-employment requirements
* Availability to work flexible schedule including evenings, weekends, and holidays as needed
* Professional references from previous supervisors or colleagues who can attest to qualifications

**Physical Requirements and Working Conditions**

* Outdoor work in all weather conditions including extreme heat, cold, humidity, and precipitation throughout the year
* Extremely physically demanding including continuous heavy lifting (50+ pounds), bending, kneeling, and repetitive motions
* Extended periods of standing, walking on uneven terrain, reaching, and working in awkward positions for plant care and installation
* Operation of loud power equipment requiring hearing protection and exposure to vibration from tools and machinery
* Exposure to plants, pollens, pesticides, fertilizers, and other chemicals requiring proper protective equipment and handling
* Early start times (typically 6:00-7:00 AM) with 8-10 hour days; longer hours during peak growing season (spring and summer)
* Work on residential and commercial properties requiring professional appearance and customer interaction skills
* Requires valid driver's license for operating company vehicles and transporting equipment to job sites
* Seasonal variations in hours and activities; potential for reduced hours during winter months depending on climate

**Compensation**

In accordance with our commitment to pay transparency and equity, we provide the following compensation information for this position. We carefully consider a wide range of factors when determining salary including but not limited to: location, relevant education, professional experience, demonstrated skills, and internal equity. Actual compensation will be determined through the interview process and may vary based on these factors.

$15.00 - $28.00 per hour depending on experience and qualifications

**Equal Opportunity Employer Statement**

EcoLawn Professionals is proud to be an equal opportunity employer committed to building a diverse and inclusive workforce. We believe that diverse perspectives and backgrounds strengthen our organization and drive innovation. We provide equal employment opportunities to all qualified applicants and employees regardless of race, color, religion, sex, gender identity, sexual orientation, national origin, age, disability, veteran status, genetic information, or any other legally protected characteristic.

We are committed to providing reasonable accommodations to individuals with disabilities throughout the application and employment process. If you require accommodation, please contact our Human Resources department to discuss your needs.

All employment decisions are based on qualifications, merit, and business needs. We do not tolerate discrimination or harassment of any kind and maintain a workplace culture of respect, dignity, and professionalism.

"
841,"**A World-Class Team**

Riverside Medical Group is powered by dedicated professionals who make a real impact every day. Whether you're on the front lines serving customers, supporting operations, or shaping strategic initiatives, your work matters and contributes to our collective success.

We're a team built on purpose and opportunity. Join us and be part of something meaningful.


**Why You'll Love Working Here**

We understand that great benefits matter. Our comprehensive package is designed to support you and your family in all aspects of life.

**Here's what you can look forward to:**

* **Weekly/Bi-Weekly Pay:** Flexible pay schedule options to help you manage your finances on your terms.
* **Wellness Programs:** Comprehensive wellness initiatives including gym membership discounts and health screenings.
* **Commuter Benefits:** Pre-tax savings on public transportation and parking expenses.
* **401(k) Retirement Plan:** Build your financial future with competitive company match (up to 6% of eligible compensation).
* **Paid Time Off:** Generous PTO including vacation days, personal days, sick leave, and paid holidays.
* **Flexible Spending Accounts:** Pre-tax savings for healthcare and dependent care expenses.
* **Life Insurance:** Company-paid life insurance with options for supplemental coverage for you and your family.
* **Paid Parental Leave:** Bonding time for new parents with paid leave for birth, adoption, or foster placement.
* **Professional Development:** Access to training programs, tuition reimbursement, and career advancement opportunities.

* Eligibility requirements and waiting periods may vary by position and employment status.

**Job Summary**

We are seeking a qualified Physical Therapist to join our team. This position plays a vital role in our operations and offers the opportunity to contribute to a dynamic organization committed to excellence. The ideal candidate will bring a combination of technical expertise, professional skills, and personal qualities that align with our values and culture.

**Our Culture**

Join a team that values your contributions and invests in your success:

* **Empowerment:** We trust our team members to make decisions and take ownership of their work.
* **Recognition:** We celebrate achievements and reward excellence through our comprehensive recognition programs.
* **Development:** We invest in your growth with training, mentorship, and clear career progression paths.
* **Inclusivity:** We embrace diversity and create a welcoming environment for people of all backgrounds.
* **Communication:** We maintain open, transparent dialogue at all levels of the organization.
* **Safety First:** Your well-being is our priority – we maintain rigorous safety standards and protocols.
* **Community:** We give back to the communities we serve through volunteer programs and charitable initiatives.

**Major Tasks, Responsibilities, and Key Accountabilities**

* Serve as patient advocate, ensuring patient rights are respected, addressing concerns promptly, and facilitating communication between patients and healthcare providers
* Complete thorough and timely documentation of all patient interactions, assessments, interventions, and outcomes in compliance with legal and regulatory requirements
* Maintain strict compliance with HIPAA regulations, patient privacy standards, infection control protocols, and all applicable healthcare regulations and accreditation requirements
* Monitor patient conditions continuously, identify changes in status, and promptly report concerning findings to physicians and charge nurses for timely intervention
* Administer medications, treatments, and procedures as prescribed, following the five rights of medication administration and monitoring patients for therapeutic effects and adverse reactions
* Participate in quality improvement initiatives, contribute to patient safety programs, and implement evidence-based practice changes to enhance care delivery
* Assist with diagnostic procedures, prepare patients appropriately, explain processes to reduce anxiety, and monitor patients throughout procedures for safety
* Manage patient flow including admissions, transfers, and discharges, ensuring smooth transitions and coordinating with various departments for continuity of care
* Conduct comprehensive patient assessments including vital signs, medical history, current symptoms, and psychosocial factors, documenting findings accurately in electronic health records
* Participate in continuing education programs, maintain professional certifications, and stay current with clinical guidelines and healthcare advancements
* Provide direct patient care in accordance with established protocols, physician orders, and nursing best practices while maintaining patient safety and dignity
* Respond to emergency situations with appropriate interventions, activate rapid response teams when necessary, and provide critical care support as needed
* Collaborate with interdisciplinary healthcare team members including physicians, therapists, social workers, and case managers to develop and implement comprehensive care plans
* Perform wound care, IV therapy, catheterization, and other clinical procedures according to established protocols while maintaining sterile technique and patient comfort

**Qualifications and Requirements**

* High school diploma or equivalent required; Associate's or Bachelor's degree in related field preferred
* Minimum 2-3 years of progressive experience in similar role within the industry
* Experience with industry-specific software systems and demonstrated ability to learn new technologies quickly
* Strong computer skills including data entry, file management, and basic troubleshooting capabilities
* Results-driven mindset with history of meeting or exceeding performance goals and targets
* Exceptional communication skills with ability to convey complex information clearly to diverse audiences
* Leadership capabilities with experience mentoring, training, or supervising others
* Strong analytical and problem-solving abilities with keen attention to detail and accuracy
* Strong organizational skills with systematic approach to work and meticulous record-keeping
* Ability to stand, walk, and remain mobile for extended periods during scheduled shifts
* Visual acuity to read documents, computer screens, and observe details at varying distances
* Ability to pass background check, drug screening, and other pre-employment requirements
* Valid driver's license with clean driving record required for positions involving vehicle operation
* Professional references from previous supervisors or colleagues who can attest to qualifications

**Physical Requirements and Work Environment**

* Healthcare facility environment requiring strict adherence to infection control protocols and sterile technique procedures
* Prolonged periods of standing and walking throughout facility, often covering significant distance during 8-12 hour shifts
* Frequent lifting, turning, and repositioning of patients requiring proper body mechanics and often team coordination for safety
* Regular exposure to bodily fluids, infectious diseases, and hazardous materials necessitating use of personal protective equipment
* Emotionally demanding work involving serious illnesses, end-of-life care, and critical situations requiring emotional resilience
* Shift work including days, nights, weekends, and holidays based on department needs and patient care requirements
* Fast-paced environment with frequent interruptions requiring ability to prioritize and multitask effectively under pressure
* Exposure to hospital noise levels including alarms, overhead pages, and equipment sounds in clinical areas

**Compensation**

In accordance with our commitment to pay transparency and equity, we provide the following compensation information for this position. We carefully consider a wide range of factors when determining salary including but not limited to: location, relevant education, professional experience, demonstrated skills, and internal equity. Actual compensation will be determined through the interview process and may vary based on these factors.

$45,000 - $110,000 per year based on experience

**Equal Opportunity Employer Statement**

Riverside Medical Group is proud to be an equal opportunity employer committed to building a diverse and inclusive workforce. We believe that diverse perspectives and backgrounds strengthen our organization and drive innovation. We provide equal employment opportunities to all qualified applicants and employees regardless of race, color, religion, sex, gender identity, sexual orientation, national origin, age, disability, veteran status, genetic information, or any other legally protected characteristic.

We are committed to providing reasonable accommodations to individuals with disabilities throughout the application and employment process. If you require accommodation, please contact our Human Resources department to discuss your needs.

All employment decisions are based on qualifications, merit, and business needs. We do not tolerate discrimination or harassment of any kind and maintain a workplace culture of respect, dignity, and professionalism.

"
855,"**A World-Class Team**

EcoLawn Professionals is powered by dedicated professionals who make a real impact every day. Whether you're on the front lines serving customers, supporting operations, or shaping strategic initiatives, your work matters and contributes to our collective success.

We're a team built on purpose and opportunity. Join us and be part of something meaningful.


**Why You'll Love Working Here**

Your well-being is our priority. We offer a robust benefits program that goes beyond the basics to truly support our team members.

**Here's what you can look forward to:**

* **Continuing Education:** Support for professional certifications and continuing education credits.
* **Stock Purchase Plan:** Opportunity to purchase company stock at a discount through payroll deductions.
* **401(k) Retirement Plan:** Build your financial future with competitive company match (up to 6% of eligible compensation).
* **Performance Bonuses:** Quarterly and annual bonus opportunities based on individual and company performance.
* **Paid Parental Leave:** Bonding time for new parents with paid leave for birth, adoption, or foster placement.
* **Professional Development:** Access to training programs, tuition reimbursement, and career advancement opportunities.
* **Commuter Benefits:** Pre-tax savings on public transportation and parking expenses.
* **Employee Discounts:** Exclusive discounts on products and services, plus perks with partner companies.
* **Weekly/Bi-Weekly Pay:** Flexible pay schedule options to help you manage your finances on your terms.
* **Flexible Spending Accounts:** Pre-tax savings for healthcare and dependent care expenses.

* Eligibility requirements and waiting periods may vary by position and employment status.

**Job Summary**

We are seeking a qualified Pesticide Applicator to join our team. This position plays a vital role in our operations and offers the opportunity to contribute to a dynamic organization committed to excellence. The ideal candidate will bring a combination of technical expertise, professional skills, and personal qualities that align with our values and culture.

**What We Stand For**

At our company, we're built on a foundation of core principles that drive our success:

* **Commitment to Excellence:** Every task, every day, we pursue the highest standards of quality and service.
* **Team First:** We support each other, celebrate wins together, and tackle challenges as a unified team.
* **Continuous Improvement:** We embrace innovation and seek better ways to serve our customers and grow our business.
* **Respect for All:** We create an inclusive environment where diversity is celebrated and every voice matters.
* **Customer Obsession:** Our customers' success is our success – we go above and beyond to exceed expectations.
* **Ethical Leadership:** We lead by example, making decisions guided by integrity and transparency.
* **Work-Life Balance:** We respect that our team members have lives outside of work and support healthy boundaries.

**Major Tasks, Responsibilities, and Key Accountabilities**

* Follow sustainable landscaping practices including water conservation, organic methods, native plant installation, and environmentally responsible disposal
* Adapt work schedules and priorities based on weather conditions, seasonal demands, and emergency situations while maintaining service commitments
* Install and maintain plants, trees, shrubs, and flowers according to design specifications, considering sun exposure, soil conditions, and seasonal factors
* Diagnose and treat plant diseases, pest infestations, and nutrient deficiencies, implementing integrated pest management strategies for sustainable solutions
* Design and install irrigation systems, program controllers, troubleshoot issues, and perform seasonal adjustments to ensure optimal water efficiency and plant health
* Communicate professionally with clients regarding service schedules, project progress, plant care recommendations, and additional service opportunities
* Train and supervise crew members, assign daily tasks, ensure quality standards are met, and promote safe work practices throughout all operations
* Perform comprehensive landscape maintenance including mowing, edging, trimming, weeding, and blowing to maintain properties at highest aesthetic standards
* Maintain company vehicles and equipment through daily inspections, cleaning, fueling, and reporting maintenance needs to prevent breakdowns
* Document services performed, take before and after photos, track materials used, and maintain accurate records for billing and quality assurance purposes
* Construct hardscape features including patios, walkways, retaining walls, and decorative elements using pavers, stone, and other materials
* Operate and maintain landscaping equipment including mowers, trimmers, blowers, aerators, and power tools, following safety protocols and performing routine maintenance

**Qualifications and Requirements**

* High school diploma required with demonstrated technical aptitude and willingness to learn
* 5+ years of professional experience with demonstrated track record of success and increasing responsibilities
* Proficiency with Microsoft Office Suite including Excel, Word, PowerPoint, and Outlook required
* Technical certification or licensure in relevant specialty area required or ability to obtain within specified timeframe
* Strong analytical and problem-solving abilities with keen attention to detail and accuracy
* Outstanding customer service orientation with patience, empathy, and commitment to exceeding expectations
* Strong organizational skills with systematic approach to work and meticulous record-keeping
* Leadership capabilities with experience mentoring, training, or supervising others
* Exceptional communication skills with ability to convey complex information clearly to diverse audiences
* Proven ability to manage multiple priorities, meet deadlines, and adapt to changing circumstances
* Manual dexterity to operate equipment, tools, and computer keyboards with precision
* Ability to pass background check, drug screening, and other pre-employment requirements
* Valid driver's license with clean driving record required for positions involving vehicle operation
* Availability to work flexible schedule including evenings, weekends, and holidays as needed

**Physical Requirements and Working Conditions**

* Outdoor work in all weather conditions including extreme heat, cold, humidity, and precipitation throughout the year
* Extremely physically demanding including continuous heavy lifting (50+ pounds), bending, kneeling, and repetitive motions
* Extended periods of standing, walking on uneven terrain, reaching, and working in awkward positions for plant care and installation
* Operation of loud power equipment requiring hearing protection and exposure to vibration from tools and machinery
* Exposure to plants, pollens, pesticides, fertilizers, and other chemicals requiring proper protective equipment and handling
* Early start times (typically 6:00-7:00 AM) with 8-10 hour days; longer hours during peak growing season (spring and summer)
* Work on residential and commercial properties requiring professional appearance and customer interaction skills
* Requires valid driver's license for operating company vehicles and transporting equipment to job sites
* Seasonal variations in hours and activities; potential for reduced hours during winter months depending on climate

**Compensation**

In accordance with our commitment to pay transparency and equity, we provide the following compensation information for this position. We carefully consider a wide range of factors when determining salary including but not limited to: location, relevant education, professional experience, demonstrated skills, and internal equity. Actual compensation will be determined through the interview process and may vary based on these factors.

$15.00 - $28.00 per hour depending on experience and qualifications

**Equal Opportunity Employer Statement**

EcoLawn Professionals is proud to be an equal opportunity employer committed to building a diverse and inclusive workforce. We believe that diverse perspectives and backgrounds strengthen our organization and drive innovation. We provide equal employment opportunities to all qualified applicants and employees regardless of race, color, religion, sex, gender identity, sexual orientation, national origin, age, disability, veteran status, genetic information, or any other legally protected characteristic.

We are committed to providing reasonable accommodations to individuals with disabilities throughout the application and employment process. If you require accommodation, please contact our Human Resources department to discuss your needs.

All employment decisions are based on qualifications, merit, and business needs. We do not tolerate discrimination or harassment of any kind and maintain a workplace culture of respect, dignity, and professionalism.

"
3886,"**A World-Class Team**

Innovate Marketing Partners is powered by dedicated professionals who make a real impact every day. Whether you're on the front lines serving customers, supporting operations, or shaping strategic initiatives, your work matters and contributes to our collective success.

We're a team built on purpose and opportunity. Join us and be part of something meaningful.


**Why You'll Love Working Here**

We understand that great benefits matter. Our comprehensive package is designed to support you and your family in all aspects of life.

**Here's what you can look forward to:**

* **Employee Discounts:** Exclusive discounts on products and services, plus perks with partner companies.
* **Flexible Spending Accounts:** Pre-tax savings for healthcare and dependent care expenses.
* **Short/Long-Term Disability:** Income protection when you need it most, with both short-term and long-term disability options.
* **Continuing Education:** Support for professional certifications and continuing education credits.
* **Professional Development:** Access to training programs, tuition reimbursement, and career advancement opportunities.
* **Wellness Programs:** Comprehensive wellness initiatives including gym membership discounts and health screenings.
* **401(k) Retirement Plan:** Build your financial future with competitive company match (up to 6% of eligible compensation).
* **Commuter Benefits:** Pre-tax savings on public transportation and parking expenses.
* **Weekly/Bi-Weekly Pay:** Flexible pay schedule options to help you manage your finances on your terms.

* Eligibility requirements and waiting periods may vary by position and employment status.

**Job Summary**

We are seeking a qualified Marketing Automation Specialist to join our team. This position plays a vital role in our operations and offers the opportunity to contribute to a dynamic organization committed to excellence. The ideal candidate will bring a combination of technical expertise, professional skills, and personal qualities that align with our values and culture.

**Our Team Values**

We believe in creating a workplace where every team member can thrive. Our core values guide everything we do:

* **Integrity:** We act with honesty and transparency in all our interactions, building trust with our team and customers.
* **Excellence:** We strive for flawless execution and hold ourselves accountable for delivering outstanding results.
* **Collaboration:** We work together with respect and inclusion, embracing diverse perspectives to achieve our goals.
* **Innovation:** We move with speed and agility, adapting quickly to meet the evolving needs of our industry.
* **Customer Focus:** We lead with the customer in mind, ensuring every decision creates value and exceeds expectations.
* **Safety:** We maintain a safe and positive environment for our team members and those we serve.
* **Accountability:** We take ownership of our work and deliver on our commitments with pride and professionalism.

**Major Tasks, Responsibilities, and Key Accountabilities**

* Support lead generation efforts through content marketing, SEO optimization, paid advertising, and conversion rate optimization strategies
* Collaborate with graphic designers, copywriters, and creative teams to produce marketing materials including brochures, advertisements, and promotional items
* Analyze campaign performance using analytics tools, track key performance indicators (KPIs), and generate insights to optimize strategies and improve ROI
* Monitor industry trends, emerging technologies, and competitor activities to identify opportunities for innovation and maintain competitive advantage
* Develop and execute comprehensive marketing campaigns across multiple channels including digital, social media, email, and traditional media to achieve business objectives
* Prepare marketing reports and presentations for leadership, clearly communicating results, challenges, and recommendations for future initiatives
* Manage social media accounts across platforms, develop content calendars, engage with followers, and grow online communities through authentic interactions
* Develop and maintain relationships with media contacts, vendors, partners, and industry influencers to expand brand reach and secure coverage opportunities
* Maintain brand consistency across all marketing touchpoints, ensuring adherence to brand guidelines in messaging, visual identity, and tone
* Manage customer relationship management (CRM) system data, track customer interactions, and leverage insights for personalized marketing approaches
* Coordinate events and promotional activities including trade shows, webinars, product launches, and community events from planning through execution
* Manage marketing budgets, track expenses, optimize spending across channels, and report on budget performance to stakeholders

**Qualifications and Requirements**

* High school diploma or equivalent required; Associate's or Bachelor's degree in related field preferred
* 1-2 years of relevant experience preferred; will train motivated candidates with strong foundational skills
* Proficiency with Microsoft Office Suite including Excel, Word, PowerPoint, and Outlook required
* Strong computer skills including data entry, file management, and basic troubleshooting capabilities
* Results-driven mindset with history of meeting or exceeding performance goals and targets
* Cultural competency and ability to work effectively with diverse populations and perspectives
* Strong analytical and problem-solving abilities with keen attention to detail and accuracy
* Professional demeanor with strong work ethic, reliability, and consistent punctuality
* Leadership capabilities with experience mentoring, training, or supervising others
* Stamina to perform physical tasks in varying weather conditions and environmental settings
* Professional references from previous supervisors or colleagues who can attest to qualifications
* Availability to work flexible schedule including evenings, weekends, and holidays as needed

**Work Environment**

* Creative office environment with mix of individual workspace and collaborative areas for team brainstorming and meetings
* Computer-intensive work involving extended screen time for design, analytics, content creation, and campaign management
* Standard business hours with flexibility for remote work, though extended hours may be needed for campaign launches and events
* Occasional evening and weekend availability for events, tradeshows, conferences, and time-sensitive campaign activities
* Travel may be required for industry conferences, client meetings, vendor visits, and company events (typically under 15%)
* Fast-paced environment with multiple concurrent projects requiring excellent organizational skills and deadline management
* Collaborative culture emphasizing creativity, innovation, and cross-functional teamwork across departments
* Professional or creative business casual dress code depending on client meetings and company culture

**Compensation**

In accordance with our commitment to pay transparency and equity, we provide the following compensation information for this position. We carefully consider a wide range of factors when determining salary including but not limited to: location, relevant education, professional experience, demonstrated skills, and internal equity. Actual compensation will be determined through the interview process and may vary based on these factors.

$45,000 - $95,000 per year based on experience

**Equal Opportunity Employer Statement**

Innovate Marketing Partners is proud to be an equal opportunity employer committed to building a diverse and inclusive workforce. We believe that diverse perspectives and backgrounds strengthen our organization and drive innovation. We provide equal employment opportunities to all qualified applicants and employees regardless of race, color, religion, sex, gender identity, sexual orientation, national origin, age, disability, veteran status, genetic information, or any other legally protected characteristic.

We are committed to providing reasonable accommodations to individuals with disabilities throughout the application and employment process. If you require accommodation, please contact our Human Resources department to discuss your needs.

All employment decisions are based on qualifications, merit, and business needs. We do not tolerate discrimination or harassment of any kind and maintain a workplace culture of respect, dignity, and professionalism.

"
3265,"**A World-Class Team**

Coastal Resort Collection is powered by dedicated professionals who make a real impact every day. Whether you're on the front lines serving customers, supporting operations, or shaping strategic initiatives, your work matters and contributes to our collective success.

We're a team built on purpose and opportunity. Join us and be part of something meaningful.


**Why You'll Love Working Here**

Your well-being is our priority. We offer a robust benefits program that goes beyond the basics to truly support our team members.

**Here's what you can look forward to:**

* **Flexible Spending Accounts:** Pre-tax savings for healthcare and dependent care expenses.
* **Stock Purchase Plan:** Opportunity to purchase company stock at a discount through payroll deductions.
* **Weekly/Bi-Weekly Pay:** Flexible pay schedule options to help you manage your finances on your terms.
* **Commuter Benefits:** Pre-tax savings on public transportation and parking expenses.
* **Short/Long-Term Disability:** Income protection when you need it most, with both short-term and long-term disability options.
* **Continuing Education:** Support for professional certifications and continuing education credits.
* **Health Insurance:** Choose from multiple medical plan options with dental and vision coverage available.
* **Employee Assistance Program:** Confidential counseling and support services for you and your household members.
* **Performance Bonuses:** Quarterly and annual bonus opportunities based on individual and company performance.
* **Paid Time Off:** Generous PTO including vacation days, personal days, sick leave, and paid holidays.
* **Paid Parental Leave:** Bonding time for new parents with paid leave for birth, adoption, or foster placement.
* **Employee Discounts:** Exclusive discounts on products and services, plus perks with partner companies.

* Eligibility requirements and waiting periods may vary by position and employment status.

**Job Summary**

We are seeking a qualified Guest Services Manager to join our team. This position plays a vital role in our operations and offers the opportunity to contribute to a dynamic organization committed to excellence. The ideal candidate will bring a combination of technical expertise, professional skills, and personal qualities that align with our values and culture.

**Our Team Values**

We believe in creating a workplace where every team member can thrive. Our core values guide everything we do:

* **Integrity:** We act with honesty and transparency in all our interactions, building trust with our team and customers.
* **Excellence:** We strive for flawless execution and hold ourselves accountable for delivering outstanding results.
* **Collaboration:** We work together with respect and inclusion, embracing diverse perspectives to achieve our goals.
* **Innovation:** We move with speed and agility, adapting quickly to meet the evolving needs of our industry.
* **Customer Focus:** We lead with the customer in mind, ensuring every decision creates value and exceeds expectations.
* **Safety:** We maintain a safe and positive environment for our team members and those we serve.
* **Accountability:** We take ownership of our work and deliver on our commitments with pride and professionalism.

**Major Tasks, Responsibilities, and Key Accountabilities**

* Monitor guest feedback through surveys and online reviews, address negative comments professionally, and implement improvements based on guest input
* Maintain detailed knowledge of hotel facilities, services, local attractions, dining options, and transportation to provide informed recommendations to guests
* Build lasting relationships with repeat guests by remembering preferences, personalizing service, and utilizing loyalty programs to encourage return visits
* Handle guest inquiries, requests, and concerns promptly and professionally, utilizing problem-solving skills to resolve issues and ensure guest satisfaction
* Greet guests with genuine warmth and professionalism upon arrival, creating positive first impressions and setting the tone for an exceptional stay experience
* Manage room inventory and reservations, optimize occupancy rates, process bookings through multiple channels, and coordinate with housekeeping regarding room status
* Coordinate with housekeeping, maintenance, and other departments to fulfill guest requests, address room issues, and ensure seamless service delivery
* Process all forms of payment including cash, credit cards, and digital payments accurately while maintaining proper cash handling procedures and securing funds
* Process group bookings, coordinate with event planning teams, and manage special requests for conferences, weddings, and other large gatherings
* Upsell room upgrades, amenities, and hotel services by identifying guest needs and presenting options that enhance their experience and increase revenue
* Handle emergency situations calmly and effectively, following established protocols for medical emergencies, security issues, and evacuations while ensuring guest safety
* Process check-ins and check-outs efficiently using property management systems, verifying reservations, collecting payments, and explaining hotel amenities and policies
* Train new front desk staff on systems, procedures, customer service standards, and company policies, serving as a resource for less experienced team members
* Reconcile daily transactions, prepare shift reports, audit night operations, and ensure accurate financial accounting of all front desk activities

**Qualifications and Requirements**

* High school diploma required with demonstrated technical aptitude and willingness to learn
* Minimum 2-3 years of progressive experience in similar role within the industry
* Experience with industry-specific software systems and demonstrated ability to learn new technologies quickly
* Strong computer skills including data entry, file management, and basic troubleshooting capabilities
* Leadership capabilities with experience mentoring, training, or supervising others
* Collaborative team player who also works effectively independently with minimal supervision
* Strong analytical and problem-solving abilities with keen attention to detail and accuracy
* Strong organizational skills with systematic approach to work and meticulous record-keeping
* Outstanding customer service orientation with patience, empathy, and commitment to exceeding expectations
* Ability to stand, walk, and remain mobile for extended periods during scheduled shifts
* Professional references from previous supervisors or colleagues who can attest to qualifications
* Legal authorization to work in the United States with required documentation

**Working Conditions**

* Indoor hotel environment with extended periods standing behind front desk or moving throughout property addressing guest needs
* Professional appearance and demeanor required at all times when interacting with guests and representing the property
* Shift work including early mornings, late evenings, overnight hours, weekends, and holidays to ensure 24/7 guest service coverage
* Requires lifting luggage and supplies up to 30 pounds; may assist guests with heavier items using proper techniques or equipment
* Fast-paced environment during peak check-in/check-out times requiring excellent multitasking and stress management abilities
* Potential exposure to difficult situations including guest complaints, emergencies, and security issues requiring composure
* Must maintain professional composure when dealing with demanding situations while upholding brand standards and hospitality

**Compensation**

In accordance with our commitment to pay transparency and equity, we provide the following compensation information for this position. We carefully consider a wide range of factors when determining salary including but not limited to: location, relevant education, professional experience, demonstrated skills, and internal equity. Actual compensation will be determined through the interview process and may vary based on these factors.

Starting from $13.00 per hour

**Equal Opportunity Employer Statement**

Coastal Resort Collection is proud to be an equal opportunity employer committed to building a diverse and inclusive workforce. We believe that diverse perspectives and backgrounds strengthen our organization and drive innovation. We provide equal employment opportunities to all qualified applicants and employees regardless of race, color, religion, sex, gender identity, sexual orientation, national origin, age, disability, veteran status, genetic information, or any other legally protected characteristic.

We are committed to providing reasonable accommodations to individuals with disabilities throughout the application and employment process. If you require accommodation, please contact our Human Resources department to discuss your needs.

All employment decisions are based on qualifications, merit, and business needs. We do not tolerate discrimination or harassment of any kind and maintain a workplace culture of respect, dignity, and professionalism.

"
172,"**A World-Class Team**

Metropolitan Hotels is powered by dedicated professionals who make a real impact every day. Whether you're on the front lines serving customers, supporting operations, or shaping strategic initiatives, your work matters and contributes to our collective success.

We're a team built on purpose and opportunity. Join us and be part of something meaningful.


**Why You'll Love Working Here**

Your well-being is our priority. We offer a robust benefits program that goes beyond the basics to truly support our team members.

**Here's what you can look forward to:**

* **Employee Assistance Program:** Confidential counseling and support services for you and your household members.
* **Commuter Benefits:** Pre-tax savings on public transportation and parking expenses.
* **Professional Development:** Access to training programs, tuition reimbursement, and career advancement opportunities.
* **Life Insurance:** Company-paid life insurance with options for supplemental coverage for you and your family.
* **Short/Long-Term Disability:** Income protection when you need it most, with both short-term and long-term disability options.
* **Employee Discounts:** Exclusive discounts on products and services, plus perks with partner companies.
* **Flexible Spending Accounts:** Pre-tax savings for healthcare and dependent care expenses.
* **Health Insurance:** Choose from multiple medical plan options with dental and vision coverage available.
* **Stock Purchase Plan:** Opportunity to purchase company stock at a discount through payroll deductions.
* **Performance Bonuses:** Quarterly and annual bonus opportunities based on individual and company performance.
* **Paid Parental Leave:** Bonding time for new parents with paid leave for birth, adoption, or foster placement.

* Eligibility requirements and waiting periods may vary by position and employment status.

**Job Summary**

We are seeking a qualified Sommelier to join our team. This position plays a vital role in our operations and offers the opportunity to contribute to a dynamic organization committed to excellence. The ideal candidate will bring a combination of technical expertise, professional skills, and personal qualities that align with our values and culture.

**What We Stand For**

At our company, we're built on a foundation of core principles that drive our success:

* **Commitment to Excellence:** Every task, every day, we pursue the highest standards of quality and service.
* **Team First:** We support each other, celebrate wins together, and tackle challenges as a unified team.
* **Continuous Improvement:** We embrace innovation and seek better ways to serve our customers and grow our business.
* **Respect for All:** We create an inclusive environment where diversity is celebrated and every voice matters.
* **Customer Obsession:** Our customers' success is our success – we go above and beyond to exceed expectations.
* **Ethical Leadership:** We lead by example, making decisions guided by integrity and transparency.
* **Work-Life Balance:** We respect that our team members have lives outside of work and support healthy boundaries.

**Major Tasks, Responsibilities, and Key Accountabilities**

* Process group bookings, coordinate with event planning teams, and manage special requests for conferences, weddings, and other large gatherings
* Coordinate with housekeeping, maintenance, and other departments to fulfill guest requests, address room issues, and ensure seamless service delivery
* Greet guests with genuine warmth and professionalism upon arrival, creating positive first impressions and setting the tone for an exceptional stay experience
* Manage room inventory and reservations, optimize occupancy rates, process bookings through multiple channels, and coordinate with housekeeping regarding room status
* Reconcile daily transactions, prepare shift reports, audit night operations, and ensure accurate financial accounting of all front desk activities
* Process check-ins and check-outs efficiently using property management systems, verifying reservations, collecting payments, and explaining hotel amenities and policies
* Handle guest inquiries, requests, and concerns promptly and professionally, utilizing problem-solving skills to resolve issues and ensure guest satisfaction
* Maintain lobby and front desk areas to hospitality standards, ensuring cleanliness, organization, and professional appearance at all times
* Upsell room upgrades, amenities, and hotel services by identifying guest needs and presenting options that enhance their experience and increase revenue
* Build lasting relationships with repeat guests by remembering preferences, personalizing service, and utilizing loyalty programs to encourage return visits
* Maintain detailed knowledge of hotel facilities, services, local attractions, dining options, and transportation to provide informed recommendations to guests
* Monitor guest feedback through surveys and online reviews, address negative comments professionally, and implement improvements based on guest input

**Qualifications and Requirements**

* High school diploma or equivalent required; Associate's or Bachelor's degree in related field preferred
* Minimum 2-3 years of progressive experience in similar role within the industry
* Technical certification or licensure in relevant specialty area required or ability to obtain within specified timeframe
* Strong analytical and problem-solving abilities with keen attention to detail and accuracy
* Strong organizational skills with systematic approach to work and meticulous record-keeping
* Leadership capabilities with experience mentoring, training, or supervising others
* Collaborative team player who also works effectively independently with minimal supervision
* Proven ability to manage multiple priorities, meet deadlines, and adapt to changing circumstances
* Stamina to perform physical tasks in varying weather conditions and environmental settings
* Availability to work flexible schedule including evenings, weekends, and holidays as needed
* Professional references from previous supervisors or colleagues who can attest to qualifications
* Ability to pass background check, drug screening, and other pre-employment requirements

**Working Conditions**

* Indoor hotel environment with extended periods standing behind front desk or moving throughout property addressing guest needs
* Professional appearance and demeanor required at all times when interacting with guests and representing the property
* Shift work including early mornings, late evenings, overnight hours, weekends, and holidays to ensure 24/7 guest service coverage
* Requires lifting luggage and supplies up to 30 pounds; may assist guests with heavier items using proper techniques or equipment
* Fast-paced environment during peak check-in/check-out times requiring excellent multitasking and stress management abilities
* Potential exposure to difficult situations including guest complaints, emergencies, and security issues requiring composure
* Must maintain professional composure when dealing with demanding situations while upholding brand standards and hospitality

**Compensation**

In accordance with our commitment to pay transparency and equity, we provide the following compensation information for this position. We carefully consider a wide range of factors when determining salary including but not limited to: location, relevant education, professional experience, demonstrated skills, and internal equity. Actual compensation will be determined through the interview process and may vary based on these factors.

$13.00 - $22.00 per hour depending on experience and qualifications

**Equal Opportunity Employer Statement**

Metropolitan Hotels is proud to be an equal opportunity employer committed to building a diverse and inclusive workforce. We believe that diverse perspectives and backgrounds strengthen our organization and drive innovation. We provide equal employment opportunities to all qualified applicants and employees regardless of race, color, religion, sex, gender identity, sexual orientation, national origin, age, disability, veteran status, genetic information, or any other legally protected characteristic.

We are committed to providing reasonable accommodations to individuals with disabilities throughout the application and employment process. If you require accommodation, please contact our Human Resources department to discuss your needs.

All employment decisions are based on qualifications, merit, and business needs. We do not tolerate discrimination or harassment of any kind and maintain a workplace culture of respect, dignity, and professionalism.

"
5135,"**A World-Class Team**

Amplify Digital Agency is powered by dedicated professionals who make a real impact every day. Whether you're on the front lines serving customers, supporting operations, or shaping strategic initiatives, your work matters and contributes to our collective success.

We're a team built on purpose and opportunity. Join us and be part of something meaningful.


**Why You'll Love Working Here**

We believe in taking care of our team members. That's why we offer a comprehensive benefits package designed to support your health, well-being, and future – both on and off the job.

**Here's what you can look forward to:**

* **Paid Parental Leave:** Bonding time for new parents with paid leave for birth, adoption, or foster placement.
* **Wellness Programs:** Comprehensive wellness initiatives including gym membership discounts and health screenings.
* **Paid Time Off:** Generous PTO including vacation days, personal days, sick leave, and paid holidays.
* **Health Insurance:** Choose from multiple medical plan options with dental and vision coverage available.
* **Short/Long-Term Disability:** Income protection when you need it most, with both short-term and long-term disability options.
* **401(k) Retirement Plan:** Build your financial future with competitive company match (up to 6% of eligible compensation).
* **Performance Bonuses:** Quarterly and annual bonus opportunities based on individual and company performance.
* **Commuter Benefits:** Pre-tax savings on public transportation and parking expenses.
* **Stock Purchase Plan:** Opportunity to purchase company stock at a discount through payroll deductions.
* **Employee Discounts:** Exclusive discounts on products and services, plus perks with partner companies.

* Eligibility requirements and waiting periods may vary by position and employment status.

**Job Summary**

We are seeking a qualified Brand Manager to join our team. This position plays a vital role in our operations and offers the opportunity to contribute to a dynamic organization committed to excellence. The ideal candidate will bring a combination of technical expertise, professional skills, and personal qualities that align with our values and culture.

**Our Culture**

Join a team that values your contributions and invests in your success:

* **Empowerment:** We trust our team members to make decisions and take ownership of their work.
* **Recognition:** We celebrate achievements and reward excellence through our comprehensive recognition programs.
* **Development:** We invest in your growth with training, mentorship, and clear career progression paths.
* **Inclusivity:** We embrace diversity and create a welcoming environment for people of all backgrounds.
* **Communication:** We maintain open, transparent dialogue at all levels of the organization.
* **Safety First:** Your well-being is our priority – we maintain rigorous safety standards and protocols.
* **Community:** We give back to the communities we serve through volunteer programs and charitable initiatives.

**Major Tasks, Responsibilities, and Key Accountabilities**

* Monitor industry trends, emerging technologies, and competitor activities to identify opportunities for innovation and maintain competitive advantage
* Implement email marketing campaigns using automation platforms, segment audiences, conduct A/B testing, and optimize for deliverability and engagement
* Manage social media accounts across platforms, develop content calendars, engage with followers, and grow online communities through authentic interactions
* Develop and execute comprehensive marketing campaigns across multiple channels including digital, social media, email, and traditional media to achieve business objectives
* Collaborate with graphic designers, copywriters, and creative teams to produce marketing materials including brochures, advertisements, and promotional items
* Prepare marketing reports and presentations for leadership, clearly communicating results, challenges, and recommendations for future initiatives
* Conduct market research and competitive analysis to identify trends, opportunities, and customer preferences, translating findings into actionable marketing strategies
* Coordinate events and promotional activities including trade shows, webinars, product launches, and community events from planning through execution
* Manage customer relationship management (CRM) system data, track customer interactions, and leverage insights for personalized marketing approaches
* Create compelling content including blog posts, social media updates, email newsletters, and website copy that aligns with brand voice and engages target audiences
* Analyze campaign performance using analytics tools, track key performance indicators (KPIs), and generate insights to optimize strategies and improve ROI
* Maintain brand consistency across all marketing touchpoints, ensuring adherence to brand guidelines in messaging, visual identity, and tone
* Manage marketing budgets, track expenses, optimize spending across channels, and report on budget performance to stakeholders
* Develop and maintain relationships with media contacts, vendors, partners, and industry influencers to expand brand reach and secure coverage opportunities

**Qualifications and Requirements**

* Bachelor's degree in relevant discipline required; advanced degree preferred for senior positions
* Minimum 2-3 years of progressive experience in similar role within the industry
* Experience with industry-specific software systems and demonstrated ability to learn new technologies quickly
* Familiarity with point-of-sale systems, inventory management software, or customer relationship management tools
* Strong analytical and problem-solving abilities with keen attention to detail and accuracy
* Professional demeanor with strong work ethic, reliability, and consistent punctuality
* Cultural competency and ability to work effectively with diverse populations and perspectives
* Leadership capabilities with experience mentoring, training, or supervising others
* Proven ability to manage multiple priorities, meet deadlines, and adapt to changing circumstances
* Strong organizational skills with systematic approach to work and meticulous record-keeping
* Manual dexterity to operate equipment, tools, and computer keyboards with precision
* Legal authorization to work in the United States with required documentation
* Professional references from previous supervisors or colleagues who can attest to qualifications
* Valid driver's license with clean driving record required for positions involving vehicle operation

**Work Environment**

* Creative office environment with mix of individual workspace and collaborative areas for team brainstorming and meetings
* Computer-intensive work involving extended screen time for design, analytics, content creation, and campaign management
* Standard business hours with flexibility for remote work, though extended hours may be needed for campaign launches and events
* Occasional evening and weekend availability for events, tradeshows, conferences, and time-sensitive campaign activities
* Travel may be required for industry conferences, client meetings, vendor visits, and company events (typically under 15%)
* Fast-paced environment with multiple concurrent projects requiring excellent organizational skills and deadline management
* Collaborative culture emphasizing creativity, innovation, and cross-functional teamwork across departments
* Professional or creative business casual dress code depending on client meetings and company culture

**Compensation**

In accordance with our commitment to pay transparency and equity, we provide the following compensation information for this position. We carefully consider a wide range of factors when determining salary including but not limited to: location, relevant education, professional experience, demonstrated skills, and internal equity. Actual compensation will be determined through the interview process and may vary based on these factors.

Competitive salary starting at $45,000 annually

**Equal Opportunity Employer Statement**

Amplify Digital Agency is proud to be an equal opportunity employer committed to building a diverse and inclusive workforce. We believe that diverse perspectives and backgrounds strengthen our organization and drive innovation. We provide equal employment opportunities to all qualified applicants and employees regardless of race, color, religion, sex, gender identity, sexual orientation, national origin, age, disability, veteran status, genetic information, or any other legally protected characteristic.

We are committed to providing reasonable accommodations to individuals with disabilities throughout the application and employment process. If you require accommodation, please contact our Human Resources department to discuss your needs.

All employment decisions are based on qualifications, merit, and business needs. We do not tolerate discrimination or harassment of any kind and maintain a workplace culture of respect, dignity, and professionalism.

"
4330,"**A World-Class Team**

SaveMore Wholesale is powered by dedicated professionals who make a real impact every day. Whether you're on the front lines serving customers, supporting operations, or shaping strategic initiatives, your work matters and contributes to our collective success.

We're a team built on purpose and opportunity. Join us and be part of something meaningful.


**Why You'll Love Working Here**

Our team members are our greatest asset, which is why we provide an exceptional benefits package that demonstrates our commitment to your success and well-being.

**Here's what you can look forward to:**

* **Professional Development:** Access to training programs, tuition reimbursement, and career advancement opportunities.
* **Short/Long-Term Disability:** Income protection when you need it most, with both short-term and long-term disability options.
* **Employee Discounts:** Exclusive discounts on products and services, plus perks with partner companies.
* **Weekly/Bi-Weekly Pay:** Flexible pay schedule options to help you manage your finances on your terms.
* **Wellness Programs:** Comprehensive wellness initiatives including gym membership discounts and health screenings.
* **Flexible Spending Accounts:** Pre-tax savings for healthcare and dependent care expenses.
* **Employee Assistance Program:** Confidential counseling and support services for you and your household members.
* **Paid Parental Leave:** Bonding time for new parents with paid leave for birth, adoption, or foster placement.
* **Health Insurance:** Choose from multiple medical plan options with dental and vision coverage available.
* **Continuing Education:** Support for professional certifications and continuing education credits.
* **Commuter Benefits:** Pre-tax savings on public transportation and parking expenses.
* **Performance Bonuses:** Quarterly and annual bonus opportunities based on individual and company performance.

* Eligibility requirements and waiting periods may vary by position and employment status.

**Job Summary**

We are seeking a qualified Visual Merchandiser to join our team. This position plays a vital role in our operations and offers the opportunity to contribute to a dynamic organization committed to excellence. The ideal candidate will bring a combination of technical expertise, professional skills, and personal qualities that align with our values and culture.

**What We Stand For**

At our company, we're built on a foundation of core principles that drive our success:

* **Commitment to Excellence:** Every task, every day, we pursue the highest standards of quality and service.
* **Team First:** We support each other, celebrate wins together, and tackle challenges as a unified team.
* **Continuous Improvement:** We embrace innovation and seek better ways to serve our customers and grow our business.
* **Respect for All:** We create an inclusive environment where diversity is celebrated and every voice matters.
* **Customer Obsession:** Our customers' success is our success – we go above and beyond to exceed expectations.
* **Ethical Leadership:** We lead by example, making decisions guided by integrity and transparency.
* **Work-Life Balance:** We respect that our team members have lives outside of work and support healthy boundaries.

**Major Tasks, Responsibilities, and Key Accountabilities**

* Handle customer complaints and escalate complex issues to management while maintaining composure and professionalism in challenging situations
* Utilize customer loyalty programs effectively, enrolling new members, explaining benefits, and encouraging repeat business through excellent service
* Maintain compliance with all safety regulations, including proper lifting techniques, hazard awareness, and adherence to emergency procedures
* Monitor inventory levels, conduct regular stock checks, identify discrepancies, and communicate supply needs to management to prevent out-of-stock situations
* Execute merchandising standards by maintaining proper product placement, creating appealing displays, ensuring shelves are fully stocked, and implementing planograms according to company guidelines
* Operate point-of-sale (POS) systems with accuracy, processing cash, credit, and mobile payments while maintaining proper cash handling procedures and balancing registers at shift end
* Stay informed about current promotions, product features, pricing, and store policies to accurately answer customer questions and maximize sales opportunities
* Process customer returns, exchanges, and adjustments professionally and efficiently while adhering to company policies and working to achieve positive resolutions
* Support visual merchandising initiatives by setting up seasonal displays, maintaining signage accuracy, and ensuring all marketing materials are current and properly positioned
* Collaborate with team members to achieve daily, weekly, and monthly sales goals, participating in team meetings and contributing ideas for improved performance
* Deliver exceptional customer service by greeting customers warmly, assessing their needs, and providing personalized product recommendations that enhance their shopping experience
* Assist with receiving shipments, verifying contents against packing lists, processing incoming merchandise, and organizing stockroom areas for efficient operations
* Maintain store cleanliness and organization, including sales floors, fitting rooms, stockrooms, and customer areas, ensuring a safe and welcoming shopping environment at all times

**Qualifications and Requirements**

* Bachelor's degree in relevant discipline required; advanced degree preferred for senior positions
* Previous experience in related field highly desirable but not required for entry-level positions
* Proficiency with Microsoft Office Suite including Excel, Word, PowerPoint, and Outlook required
* Collaborative team player who also works effectively independently with minimal supervision
* Strong analytical and problem-solving abilities with keen attention to detail and accuracy
* Strong organizational skills with systematic approach to work and meticulous record-keeping
* Proven ability to manage multiple priorities, meet deadlines, and adapt to changing circumstances
* Outstanding customer service orientation with patience, empathy, and commitment to exceeding expectations
* Ability to stand, walk, and remain mobile for extended periods during scheduled shifts
* Valid driver's license with clean driving record required for positions involving vehicle operation
* Professional references from previous supervisors or colleagues who can attest to qualifications
* Legal authorization to work in the United States with required documentation

**Environmental Job Conditions**

* Most time is spent standing and walking on hard surfaces throughout assigned shift, requiring physical stamina and comfortable footwear
* Frequent bending, stooping, reaching, kneeling, and crouching to stock shelves, assist customers, and maintain displays at various heights
* Regular lifting and carrying of merchandise weighing up to 30 pounds; occasional team lifts for items exceeding 50 pounds with proper technique
* Indoor climate-controlled environment with occasional exposure to storage areas that may be warmer or cooler than sales floor
* May be exposed to cleaning chemicals and require use of personal protective equipment when handling certain products
* Fast-paced environment with periods of high customer volume requiring sustained energy and focus
* Requires manual dexterity for operating cash registers, scanners, and other point-of-sale equipment

**Compensation**

In accordance with our commitment to pay transparency and equity, we provide the following compensation information for this position. We carefully consider a wide range of factors when determining salary including but not limited to: location, relevant education, professional experience, demonstrated skills, and internal equity. Actual compensation will be determined through the interview process and may vary based on these factors.

$14.00 - $25.00 per hour depending on experience and qualifications

**Equal Opportunity Employer Statement**

SaveMore Wholesale is proud to be an equal opportunity employer committed to building a diverse and inclusive workforce. We believe that diverse perspectives and backgrounds strengthen our organization and drive innovation. We provide equal employment opportunities to all qualified applicants and employees regardless of race, color, religion, sex, gender identity, sexual orientation, national origin, age, disability, veteran status, genetic information, or any other legally protected characteristic.

We are committed to providing reasonable accommodations to individuals with disabilities throughout the application and employment process. If you require accommodation, please contact our Human Resources department to discuss your needs.

All employment decisions are based on qualifications, merit, and business needs. We do not tolerate discrimination or harassment of any kind and maintain a workplace culture of respect, dignity, and professionalism.

"
1696,"**A World-Class Team**

Quantum Computing Labs is powered by dedicated professionals who make a real impact every day. Whether you're on the front lines serving customers, supporting operations, or shaping strategic initiatives, your work matters and contributes to our collective success.

We're a team built on purpose and opportunity. Join us and be part of something meaningful.


**Why You'll Love Working Here**

Our team members are our greatest asset, which is why we provide an exceptional benefits package that demonstrates our commitment to your success and well-being.

**Here's what you can look forward to:**

* **Weekly/Bi-Weekly Pay:** Flexible pay schedule options to help you manage your finances on your terms.
* **Paid Parental Leave:** Bonding time for new parents with paid leave for birth, adoption, or foster placement.
* **Employee Discounts:** Exclusive discounts on products and services, plus perks with partner companies.
* **Paid Time Off:** Generous PTO including vacation days, personal days, sick leave, and paid holidays.
* **Employee Assistance Program:** Confidential counseling and support services for you and your household members.
* **401(k) Retirement Plan:** Build your financial future with competitive company match (up to 6% of eligible compensation).
* **Life Insurance:** Company-paid life insurance with options for supplemental coverage for you and your family.
* **Stock Purchase Plan:** Opportunity to purchase company stock at a discount through payroll deductions.

* Eligibility requirements and waiting periods may vary by position and employment status.

**Job Summary**

We are seeking a qualified QA Engineer to join our team. This position plays a vital role in our operations and offers the opportunity to contribute to a dynamic organization committed to excellence. The ideal candidate will bring a combination of technical expertise, professional skills, and personal qualities that align with our values and culture.

**What We Stand For**

At our company, we're built on a foundation of core principles that drive our success:

* **Commitment to Excellence:** Every task, every day, we pursue the highest standards of quality and service.
* **Team First:** We support each other, celebrate wins together, and tackle challenges as a unified team.
* **Continuous Improvement:** We embrace innovation and seek better ways to serve our customers and grow our business.
* **Respect for All:** We create an inclusive environment where diversity is celebrated and every voice matters.
* **Customer Obsession:** Our customers' success is our success – we go above and beyond to exceed expectations.
* **Ethical Leadership:** We lead by example, making decisions guided by integrity and transparency.
* **Work-Life Balance:** We respect that our team members have lives outside of work and support healthy boundaries.

**Major Tasks, Responsibilities, and Key Accountabilities**

* Stay current with emerging technologies, industry trends, and best practices by attending conferences, participating in tech communities, and pursuing continuous education
* Implement security best practices including input validation, encryption, authentication mechanisms, and regular security audits to protect sensitive data
* Contribute to technical architecture decisions, evaluate new technologies and tools, and make recommendations for improving development processes and infrastructure
* Monitor production systems using logging and monitoring tools, respond to alerts, and participate in on-call rotation to ensure system reliability
* Design, develop, and implement scalable software solutions using modern programming languages, frameworks, and best practices while ensuring code quality and maintainability
* Optimize application performance through profiling, identifying bottlenecks, implementing caching strategies, and refactoring inefficient code
* Create and maintain comprehensive technical documentation including architecture diagrams, API specifications, and deployment procedures
* Write clean, well-documented, and thoroughly tested code following established coding standards and conducting peer code reviews to maintain high-quality codebase
* Mentor junior developers through pair programming, code reviews, and knowledge sharing sessions, fostering a culture of continuous learning
* Collaborate with cross-functional teams including product managers, designers, and other engineers to define requirements, architect solutions, and deliver features on schedule
* Maintain and enhance CI/CD pipelines for automated testing and deployment, ensuring reliable and efficient release processes
* Participate in agile development processes including sprint planning, daily standups, retrospectives, and demonstrations, contributing to continuous team improvement
* Troubleshoot complex technical issues, perform root cause analysis, and implement effective solutions while documenting findings for knowledge sharing
* Design and implement RESTful APIs, microservices, and integrations with third-party systems, ensuring robust error handling and comprehensive testing

**Qualifications and Requirements**

* Bachelor's degree in relevant discipline required; advanced degree preferred for senior positions
* Extensive experience required including supervisory or leadership responsibilities in similar environment
* Proficiency with Microsoft Office Suite including Excel, Word, PowerPoint, and Outlook required
* Technical certification or licensure in relevant specialty area required or ability to obtain within specified timeframe
* Professional demeanor with strong work ethic, reliability, and consistent punctuality
* Strong organizational skills with systematic approach to work and meticulous record-keeping
* Collaborative team player who also works effectively independently with minimal supervision
* Exceptional communication skills with ability to convey complex information clearly to diverse audiences
* Results-driven mindset with history of meeting or exceeding performance goals and targets
* Outstanding customer service orientation with patience, empathy, and commitment to exceeding expectations
* Ability to stand, walk, and remain mobile for extended periods during scheduled shifts
* Capacity to lift, carry, push, and pull objects weighing up to 50 pounds regularly
* Ability to pass background check, drug screening, and other pre-employment requirements
* Valid driver's license with clean driving record required for positions involving vehicle operation
* Professional references from previous supervisors or colleagues who can attest to qualifications

**Work Environment**

* Professional office setting with ergonomic workstations and modern technology infrastructure
* Primarily sedentary work involving extended periods at computer workstations requiring proper posture and periodic breaks
* Collaborative open office layout with access to quiet spaces for focused work and meeting rooms for team collaboration
* Occasional travel may be required for conferences, client meetings, or team events (less than 10% typically)
* Standard business hours with flexibility for remote work options and occasional extended hours during critical project phases
* May participate in on-call rotation for production support requiring responsiveness outside normal business hours
* Minimal physical demands beyond standard office activities; accommodations available for individuals with disabilities

**Compensation**

In accordance with our commitment to pay transparency and equity, we provide the following compensation information for this position. We carefully consider a wide range of factors when determining salary including but not limited to: location, relevant education, professional experience, demonstrated skills, and internal equity. Actual compensation will be determined through the interview process and may vary based on these factors.

$70,000 - $150,000 per year based on experience

**Equal Opportunity Employer Statement**

Quantum Computing Labs is proud to be an equal opportunity employer committed to building a diverse and inclusive workforce. We believe that diverse perspectives and backgrounds strengthen our organization and drive innovation. We provide equal employment opportunities to all qualified applicants and employees regardless of race, color, religion, sex, gender identity, sexual orientation, national origin, age, disability, veteran status, genetic information, or any other legally protected characteristic.

We are committed to providing reasonable accommodations to individuals with disabilities throughout the application and employment process. If you require accommodation, please contact our Human Resources department to discuss your needs.

All employment decisions are based on qualifications, merit, and business needs. We do not tolerate discrimination or harassment of any kind and maintain a workplace culture of respect, dignity, and professionalism.

"
318,"**A World-Class Team**

Evergreen Solutions is powered by dedicated professionals who make a real impact every day. Whether you're on the front lines serving customers, supporting operations, or shaping strategic initiatives, your work matters and contributes to our collective success.

We're a team built on purpose and opportunity. Join us and be part of something meaningful.


**Why You'll Love Working Here**

We believe in taking care of our team members. That's why we offer a comprehensive benefits package designed to support your health, well-being, and future – both on and off the job.

**Here's what you can look forward to:**

* **Short/Long-Term Disability:** Income protection when you need it most, with both short-term and long-term disability options.
* **Paid Time Off:** Generous PTO including vacation days, personal days, sick leave, and paid holidays.
* **Health Insurance:** Choose from multiple medical plan options with dental and vision coverage available.
* **Flexible Spending Accounts:** Pre-tax savings for healthcare and dependent care expenses.
* **Wellness Programs:** Comprehensive wellness initiatives including gym membership discounts and health screenings.
* **Employee Assistance Program:** Confidential counseling and support services for you and your household members.
* **Paid Parental Leave:** Bonding time for new parents with paid leave for birth, adoption, or foster placement.
* **Continuing Education:** Support for professional certifications and continuing education credits.
* **Commuter Benefits:** Pre-tax savings on public transportation and parking expenses.
* **Weekly/Bi-Weekly Pay:** Flexible pay schedule options to help you manage your finances on your terms.
* **Employee Discounts:** Exclusive discounts on products and services, plus perks with partner companies.
* **Stock Purchase Plan:** Opportunity to purchase company stock at a discount through payroll deductions.

* Eligibility requirements and waiting periods may vary by position and employment status.

**Job Summary**

We are seeking a qualified Horticulturist to join our team. This position plays a vital role in our operations and offers the opportunity to contribute to a dynamic organization committed to excellence. The ideal candidate will bring a combination of technical expertise, professional skills, and personal qualities that align with our values and culture.

**What We Stand For**

At our company, we're built on a foundation of core principles that drive our success:

* **Commitment to Excellence:** Every task, every day, we pursue the highest standards of quality and service.
* **Team First:** We support each other, celebrate wins together, and tackle challenges as a unified team.
* **Continuous Improvement:** We embrace innovation and seek better ways to serve our customers and grow our business.
* **Respect for All:** We create an inclusive environment where diversity is celebrated and every voice matters.
* **Customer Obsession:** Our customers' success is our success – we go above and beyond to exceed expectations.
* **Ethical Leadership:** We lead by example, making decisions guided by integrity and transparency.
* **Work-Life Balance:** We respect that our team members have lives outside of work and support healthy boundaries.

**Major Tasks, Responsibilities, and Key Accountabilities**

* Adapt work schedules and priorities based on weather conditions, seasonal demands, and emergency situations while maintaining service commitments
* Install and maintain plants, trees, shrubs, and flowers according to design specifications, considering sun exposure, soil conditions, and seasonal factors
* Maintain company vehicles and equipment through daily inspections, cleaning, fueling, and reporting maintenance needs to prevent breakdowns
* Document services performed, take before and after photos, track materials used, and maintain accurate records for billing and quality assurance purposes
* Follow sustainable landscaping practices including water conservation, organic methods, native plant installation, and environmentally responsible disposal
* Construct hardscape features including patios, walkways, retaining walls, and decorative elements using pavers, stone, and other materials
* Operate and maintain landscaping equipment including mowers, trimmers, blowers, aerators, and power tools, following safety protocols and performing routine maintenance
* Design and install irrigation systems, program controllers, troubleshoot issues, and perform seasonal adjustments to ensure optimal water efficiency and plant health
* Diagnose and treat plant diseases, pest infestations, and nutrient deficiencies, implementing integrated pest management strategies for sustainable solutions
* Prepare landscape beds through soil preparation, mulching, edging, and planting, creating attractive and sustainable garden spaces for clients
* Perform comprehensive landscape maintenance including mowing, edging, trimming, weeding, and blowing to maintain properties at highest aesthetic standards
* Communicate professionally with clients regarding service schedules, project progress, plant care recommendations, and additional service opportunities
* Conduct property assessments, prepare estimates for new projects, and make recommendations for improvements that enhance curb appeal and property value
* Train and supervise crew members, assign daily tasks, ensure quality standards are met, and promote safe work practices throughout all operations
* Apply fertilizers, pesticides, and herbicides according to state regulations and company procedures, maintaining proper application records and safety data sheets

**Qualifications and Requirements**

* Bachelor's degree in relevant discipline required; advanced degree preferred for senior positions
* 5+ years of professional experience with demonstrated track record of success and increasing responsibilities
* Strong computer skills including data entry, file management, and basic troubleshooting capabilities
* Leadership capabilities with experience mentoring, training, or supervising others
* Collaborative team player who also works effectively independently with minimal supervision
* Strong analytical and problem-solving abilities with keen attention to detail and accuracy
* Results-driven mindset with history of meeting or exceeding performance goals and targets
* Outstanding customer service orientation with patience, empathy, and commitment to exceeding expectations
* Exceptional communication skills with ability to convey complex information clearly to diverse audiences
* Professional demeanor with strong work ethic, reliability, and consistent punctuality
* Stamina to perform physical tasks in varying weather conditions and environmental settings
* Capacity to lift, carry, push, and pull objects weighing up to 50 pounds regularly
* Legal authorization to work in the United States with required documentation
* Ability to pass background check, drug screening, and other pre-employment requirements

**Physical Requirements and Working Conditions**

* Outdoor work in all weather conditions including extreme heat, cold, humidity, and precipitation throughout the year
* Extremely physically demanding including continuous heavy lifting (50+ pounds), bending, kneeling, and repetitive motions
* Extended periods of standing, walking on uneven terrain, reaching, and working in awkward positions for plant care and installation
* Operation of loud power equipment requiring hearing protection and exposure to vibration from tools and machinery
* Exposure to plants, pollens, pesticides, fertilizers, and other chemicals requiring proper protective equipment and handling
* Early start times (typically 6:00-7:00 AM) with 8-10 hour days; longer hours during peak growing season (spring and summer)
* Work on residential and commercial properties requiring professional appearance and customer interaction skills
* Requires valid driver's license for operating company vehicles and transporting equipment to job sites
* Seasonal variations in hours and activities; potential for reduced hours during winter months depending on climate

**Compensation**

In accordance with our commitment to pay transparency and equity, we provide the following compensation information for this position. We carefully consider a wide range of factors when determining salary including but not limited to: location, relevant education, professional experience, demonstrated skills, and internal equity. Actual compensation will be determined through the interview process and may vary based on these factors.

$15.00 - $28.00 per hour depending on experience and qualifications

**Equal Opportunity Employer Statement**

Evergreen Solutions is proud to be an equal opportunity employer committed to building a diverse and inclusive workforce. We believe that diverse perspectives and backgrounds strengthen our organization and drive innovation. We provide equal employment opportunities to all qualified applicants and employees regardless of race, color, religion, sex, gender identity, sexual orientation, national origin, age, disability, veteran status, genetic information, or any other legally protected characteristic.

We are committed to providing reasonable accommodations to individuals with disabilities throughout the application and employment process. If you require accommodation, please contact our Human Resources department to discuss your needs.

All employment decisions are based on qualifications, merit, and business needs. We do not tolerate discrimination or harassment of any kind and maintain a workplace culture of respect, dignity, and professionalism.

"
2651,"**A World-Class Team**

Strategic Financial Services is powered by dedicated professionals who make a real impact every day. Whether you're on the front lines serving customers, supporting operations, or shaping strategic initiatives, your work matters and contributes to our collective success.

We're a team built on purpose and opportunity. Join us and be part of something meaningful.


**Why You'll Love Working Here**

We understand that great benefits matter. Our comprehensive package is designed to support you and your family in all aspects of life.

**Here's what you can look forward to:**

* **401(k) Retirement Plan:** Build your financial future with competitive company match (up to 6% of eligible compensation).
* **Employee Assistance Program:** Confidential counseling and support services for you and your household members.
* **Employee Discounts:** Exclusive discounts on products and services, plus perks with partner companies.
* **Stock Purchase Plan:** Opportunity to purchase company stock at a discount through payroll deductions.
* **Life Insurance:** Company-paid life insurance with options for supplemental coverage for you and your family.
* **Commuter Benefits:** Pre-tax savings on public transportation and parking expenses.
* **Paid Time Off:** Generous PTO including vacation days, personal days, sick leave, and paid holidays.
* **Flexible Spending Accounts:** Pre-tax savings for healthcare and dependent care expenses.
* **Health Insurance:** Choose from multiple medical plan options with dental and vision coverage available.
* **Paid Parental Leave:** Bonding time for new parents with paid leave for birth, adoption, or foster placement.

* Eligibility requirements and waiting periods may vary by position and employment status.

**Job Summary**

We are seeking a qualified Financial Advisor to join our team. This position plays a vital role in our operations and offers the opportunity to contribute to a dynamic organization committed to excellence. The ideal candidate will bring a combination of technical expertise, professional skills, and personal qualities that align with our values and culture.

**Our Team Values**

We believe in creating a workplace where every team member can thrive. Our core values guide everything we do:

* **Integrity:** We act with honesty and transparency in all our interactions, building trust with our team and customers.
* **Excellence:** We strive for flawless execution and hold ourselves accountable for delivering outstanding results.
* **Collaboration:** We work together with respect and inclusion, embracing diverse perspectives to achieve our goals.
* **Innovation:** We move with speed and agility, adapting quickly to meet the evolving needs of our industry.
* **Customer Focus:** We lead with the customer in mind, ensuring every decision creates value and exceeds expectations.
* **Safety:** We maintain a safe and positive environment for our team members and those we serve.
* **Accountability:** We take ownership of our work and deliver on our commitments with pride and professionalism.

**Major Tasks, Responsibilities, and Key Accountabilities**

* Maintain general ledger integrity by posting journal entries, performing month-end closes, and ensuring all transactions are properly classified and recorded
* Analyze financial data, prepare detailed reports, and present findings to management with actionable insights and recommendations for strategic decision-making
* Implement and maintain accounting systems and software, recommend process improvements, and automate routine tasks to enhance efficiency and accuracy
* Conduct variance analysis comparing actual results to budgets and forecasts, investigating significant deviations and providing explanations to stakeholders
* Ensure compliance with accounting principles (GAAP), financial regulations, internal controls, and audit requirements through meticulous documentation and process adherence
* Assist with budget preparation and forecasting by gathering historical data, analyzing trends, and collaborating with department heads on projections
* Process and reconcile accounts payable and receivable transactions, verify accuracy of invoices and payments, and resolve discrepancies in timely manner
* Develop and maintain financial models for scenario planning, business case analysis, and investment evaluation to support strategic initiatives
* Monitor accounts receivable aging, follow up on overdue payments, and work with sales teams to resolve customer billing issues and improve collections
* Stay current with changes in accounting standards, tax laws, and financial regulations through continuing professional education and industry publications
* Research and interpret tax regulations, prepare tax returns, and coordinate with external tax advisors to ensure compliance and optimize tax positions
* Manage cash flow by monitoring bank balances, preparing cash forecasts, processing wire transfers, and optimizing working capital utilization
* Prepare management reports and dashboards presenting key performance indicators, financial metrics, and trend analysis for executive review
* Support external audit processes by preparing requested documentation, responding to auditor inquiries, and implementing recommendations for internal control improvements

**Qualifications and Requirements**

* High school diploma required with demonstrated technical aptitude and willingness to learn
* Minimum 2-3 years of progressive experience in similar role within the industry
* Familiarity with point-of-sale systems, inventory management software, or customer relationship management tools
* Exceptional communication skills with ability to convey complex information clearly to diverse audiences
* Results-driven mindset with history of meeting or exceeding performance goals and targets
* Proven ability to manage multiple priorities, meet deadlines, and adapt to changing circumstances
* Leadership capabilities with experience mentoring, training, or supervising others
* Strong organizational skills with systematic approach to work and meticulous record-keeping
* Cultural competency and ability to work effectively with diverse populations and perspectives
* Collaborative team player who also works effectively independently with minimal supervision
* Ability to stand, walk, and remain mobile for extended periods during scheduled shifts
* Capacity to lift, carry, push, and pull objects weighing up to 50 pounds regularly
* Professional references from previous supervisors or colleagues who can attest to qualifications
* Ability to pass background check, drug screening, and other pre-employment requirements
* Valid driver's license with clean driving record required for positions involving vehicle operation

**Work Environment and Conditions**

* Professional office setting with business professional or business casual dress code depending on client interaction
* Primarily computer-based work requiring extended focus on financial data, spreadsheets, and analytical software
* Standard business hours Monday through Friday with flexibility based on workload and month-end/year-end closing periods
* Extended hours required during tax season, audit periods, and fiscal year-end close processes
* Minimal physical demands; sedentary position with occasional movement for meetings, printing, and file retrieval
* Collaborative environment requiring both independent work and team coordination on projects and analyses
* May require occasional travel to client sites, company locations, or professional development conferences
* Deadline-driven environment requiring strong time management and ability to maintain accuracy under pressure

**Compensation**

In accordance with our commitment to pay transparency and equity, we provide the following compensation information for this position. We carefully consider a wide range of factors when determining salary including but not limited to: location, relevant education, professional experience, demonstrated skills, and internal equity. Actual compensation will be determined through the interview process and may vary based on these factors.

Competitive salary starting at $55,000 annually

**Equal Opportunity Employer Statement**

Strategic Financial Services is proud to be an equal opportunity employer committed to building a diverse and inclusive workforce. We believe that diverse perspectives and backgrounds strengthen our organization and drive innovation. We provide equal employment opportunities to all qualified applicants and employees regardless of race, color, religion, sex, gender identity, sexual orientation, national origin, age, disability, veteran status, genetic information, or any other legally protected characteristic.

We are committed to providing reasonable accommodations to individuals with disabilities throughout the application and employment process. If you require accommodation, please contact our Human Resources department to discuss your needs.

All employment decisions are based on qualifications, merit, and business needs. We do not tolerate discrimination or harassment of any kind and maintain a workplace culture of respect, dignity, and professionalism.

"
1889,"**A World-Class Team**

FreshChoice Markets is powered by dedicated professionals who make a real impact every day. Whether you're on the front lines serving customers, supporting operations, or shaping strategic initiatives, your work matters and contributes to our collective success.

We're a team built on purpose and opportunity. Join us and be part of something meaningful.


**Why You'll Love Working Here**

We understand that great benefits matter. Our comprehensive package is designed to support you and your family in all aspects of life.

**Here's what you can look forward to:**

* **Commuter Benefits:** Pre-tax savings on public transportation and parking expenses.
* **Health Insurance:** Choose from multiple medical plan options with dental and vision coverage available.
* **Life Insurance:** Company-paid life insurance with options for supplemental coverage for you and your family.
* **Weekly/Bi-Weekly Pay:** Flexible pay schedule options to help you manage your finances on your terms.
* **Flexible Spending Accounts:** Pre-tax savings for healthcare and dependent care expenses.
* **Wellness Programs:** Comprehensive wellness initiatives including gym membership discounts and health screenings.
* **Professional Development:** Access to training programs, tuition reimbursement, and career advancement opportunities.
* **401(k) Retirement Plan:** Build your financial future with competitive company match (up to 6% of eligible compensation).
* **Performance Bonuses:** Quarterly and annual bonus opportunities based on individual and company performance.
* **Paid Time Off:** Generous PTO including vacation days, personal days, sick leave, and paid holidays.
* **Employee Discounts:** Exclusive discounts on products and services, plus perks with partner companies.

* Eligibility requirements and waiting periods may vary by position and employment status.

**Job Summary**

We are seeking a qualified Cashier Lead to join our team. This position plays a vital role in our operations and offers the opportunity to contribute to a dynamic organization committed to excellence. The ideal candidate will bring a combination of technical expertise, professional skills, and personal qualities that align with our values and culture.

**What We Stand For**

At our company, we're built on a foundation of core principles that drive our success:

* **Commitment to Excellence:** Every task, every day, we pursue the highest standards of quality and service.
* **Team First:** We support each other, celebrate wins together, and tackle challenges as a unified team.
* **Continuous Improvement:** We embrace innovation and seek better ways to serve our customers and grow our business.
* **Respect for All:** We create an inclusive environment where diversity is celebrated and every voice matters.
* **Customer Obsession:** Our customers' success is our success – we go above and beyond to exceed expectations.
* **Ethical Leadership:** We lead by example, making decisions guided by integrity and transparency.
* **Work-Life Balance:** We respect that our team members have lives outside of work and support healthy boundaries.

**Major Tasks, Responsibilities, and Key Accountabilities**

* Deliver exceptional customer service by greeting customers warmly, assessing their needs, and providing personalized product recommendations that enhance their shopping experience
* Maintain store cleanliness and organization, including sales floors, fitting rooms, stockrooms, and customer areas, ensuring a safe and welcoming shopping environment at all times
* Participate in loss prevention efforts by maintaining awareness of theft indicators, following security protocols, and reporting suspicious activities to management
* Utilize customer loyalty programs effectively, enrolling new members, explaining benefits, and encouraging repeat business through excellent service
* Assist with receiving shipments, verifying contents against packing lists, processing incoming merchandise, and organizing stockroom areas for efficient operations
* Handle customer complaints and escalate complex issues to management while maintaining composure and professionalism in challenging situations
* Train and mentor new team members, sharing product knowledge and best practices to ensure consistent service standards across the team
* Support visual merchandising initiatives by setting up seasonal displays, maintaining signage accuracy, and ensuring all marketing materials are current and properly positioned
* Monitor inventory levels, conduct regular stock checks, identify discrepancies, and communicate supply needs to management to prevent out-of-stock situations
* Maintain compliance with all safety regulations, including proper lifting techniques, hazard awareness, and adherence to emergency procedures
* Collaborate with team members to achieve daily, weekly, and monthly sales goals, participating in team meetings and contributing ideas for improved performance
* Process customer returns, exchanges, and adjustments professionally and efficiently while adhering to company policies and working to achieve positive resolutions
* Stay informed about current promotions, product features, pricing, and store policies to accurately answer customer questions and maximize sales opportunities
* Execute merchandising standards by maintaining proper product placement, creating appealing displays, ensuring shelves are fully stocked, and implementing planograms according to company guidelines

**Qualifications and Requirements**

* High school diploma or equivalent required; Associate's or Bachelor's degree in related field preferred
* Extensive experience required including supervisory or leadership responsibilities in similar environment
* Proficiency with Microsoft Office Suite including Excel, Word, PowerPoint, and Outlook required
* Strong organizational skills with systematic approach to work and meticulous record-keeping
* Leadership capabilities with experience mentoring, training, or supervising others
* Outstanding customer service orientation with patience, empathy, and commitment to exceeding expectations
* Proven ability to manage multiple priorities, meet deadlines, and adapt to changing circumstances
* Collaborative team player who also works effectively independently with minimal supervision
* Cultural competency and ability to work effectively with diverse populations and perspectives
* Professional demeanor with strong work ethic, reliability, and consistent punctuality
* Visual acuity to read documents, computer screens, and observe details at varying distances
* Valid driver's license with clean driving record required for positions involving vehicle operation
* Legal authorization to work in the United States with required documentation
* Professional references from previous supervisors or colleagues who can attest to qualifications

**Environmental Job Conditions**

* Most time is spent standing and walking on hard surfaces throughout assigned shift, requiring physical stamina and comfortable footwear
* Frequent bending, stooping, reaching, kneeling, and crouching to stock shelves, assist customers, and maintain displays at various heights
* Regular lifting and carrying of merchandise weighing up to 30 pounds; occasional team lifts for items exceeding 50 pounds with proper technique
* Indoor climate-controlled environment with occasional exposure to storage areas that may be warmer or cooler than sales floor
* May be exposed to cleaning chemicals and require use of personal protective equipment when handling certain products
* Fast-paced environment with periods of high customer volume requiring sustained energy and focus
* Requires manual dexterity for operating cash registers, scanners, and other point-of-sale equipment

**Compensation**

In accordance with our commitment to pay transparency and equity, we provide the following compensation information for this position. We carefully consider a wide range of factors when determining salary including but not limited to: location, relevant education, professional experience, demonstrated skills, and internal equity. Actual compensation will be determined through the interview process and may vary based on these factors.

$14.00 - $25.00 per hour depending on experience and qualifications

**Equal Opportunity Employer Statement**

FreshChoice Markets is proud to be an equal opportunity employer committed to building a diverse and inclusive workforce. We believe that diverse perspectives and backgrounds strengthen our organization and drive innovation. We provide equal employment opportunities to all qualified applicants and employees regardless of race, color, religion, sex, gender identity, sexual orientation, national origin, age, disability, veteran status, genetic information, or any other legally protected characteristic.

We are committed to providing reasonable accommodations to individuals with disabilities throughout the application and employment process. If you require accommodation, please contact our Human Resources department to discuss your needs.

All employment decisions are based on qualifications, merit, and business needs. We do not tolerate discrimination or harassment of any kind and maintain a workplace culture of respect, dignity, and professionalism.

"
4672,"**A World-Class Team**

Global Parts Corporation is powered by dedicated professionals who make a real impact every day. Whether you're on the front lines serving customers, supporting operations, or shaping strategic initiatives, your work matters and contributes to our collective success.

We're a team built on purpose and opportunity. Join us and be part of something meaningful.


**Why You'll Love Working Here**

We understand that great benefits matter. Our comprehensive package is designed to support you and your family in all aspects of life.

**Here's what you can look forward to:**

* **Health Insurance:** Choose from multiple medical plan options with dental and vision coverage available.
* **Commuter Benefits:** Pre-tax savings on public transportation and parking expenses.
* **Continuing Education:** Support for professional certifications and continuing education credits.
* **Wellness Programs:** Comprehensive wellness initiatives including gym membership discounts and health screenings.
* **Life Insurance:** Company-paid life insurance with options for supplemental coverage for you and your family.
* **Paid Time Off:** Generous PTO including vacation days, personal days, sick leave, and paid holidays.
* **Employee Discounts:** Exclusive discounts on products and services, plus perks with partner companies.
* **Employee Assistance Program:** Confidential counseling and support services for you and your household members.
* **Performance Bonuses:** Quarterly and annual bonus opportunities based on individual and company performance.

* Eligibility requirements and waiting periods may vary by position and employment status.

**Job Summary**

We are seeking a qualified Materials Handler to join our team. This position plays a vital role in our operations and offers the opportunity to contribute to a dynamic organization committed to excellence. The ideal candidate will bring a combination of technical expertise, professional skills, and personal qualities that align with our values and culture.

**Our Team Values**

We believe in creating a workplace where every team member can thrive. Our core values guide everything we do:

* **Integrity:** We act with honesty and transparency in all our interactions, building trust with our team and customers.
* **Excellence:** We strive for flawless execution and hold ourselves accountable for delivering outstanding results.
* **Collaboration:** We work together with respect and inclusion, embracing diverse perspectives to achieve our goals.
* **Innovation:** We move with speed and agility, adapting quickly to meet the evolving needs of our industry.
* **Customer Focus:** We lead with the customer in mind, ensuring every decision creates value and exceeds expectations.
* **Safety:** We maintain a safe and positive environment for our team members and those we serve.
* **Accountability:** We take ownership of our work and deliver on our commitments with pride and professionalism.

**Major Tasks, Responsibilities, and Key Accountabilities**

* Follow all safety protocols including proper use of personal protective equipment (PPE), lockout/tagout procedures, and emergency response plans
* Monitor production processes continuously, adjust machine settings as needed to maintain quality standards, and troubleshoot issues to minimize downtime
* Maintain clean and organized work areas, properly dispose of waste materials, and ensure compliance with 5S workplace organization principles
* Support new employee onboarding by demonstrating proper techniques, sharing knowledge, and promoting a culture of safety and quality
* Attend safety meetings, training sessions, and toolbox talks to stay current on procedures, regulations, and best practices
* Follow detailed work instructions, blueprints, and specifications to ensure products meet customer requirements and industry standards
* Package finished products according to customer specifications, apply proper labeling, and prepare items for shipment or warehouse storage
* Participate in lean manufacturing initiatives, kaizen events, and process improvement projects to enhance efficiency and reduce waste
* Conduct pre-shift equipment inspections, identify potential issues, perform basic maintenance tasks, and report malfunctions to maintenance team immediately
* Maintain accurate production records including quantities produced, downtime incidents, quality issues, and material usage for tracking and reporting purposes
* Perform quality control checks throughout production runs using measuring instruments, visual inspections, and testing procedures to ensure product specifications are met
* Operate production machinery and equipment safely and efficiently according to standard operating procedures, meeting quality and productivity targets
* Load raw materials, monitor inventory levels during production runs, and communicate supply needs to supervisors to prevent production delays

**Qualifications and Requirements**

* Bachelor's degree in relevant discipline required; advanced degree preferred for senior positions
* Minimum 2-3 years of progressive experience in similar role within the industry
* Strong computer skills including data entry, file management, and basic troubleshooting capabilities
* Technical certification or licensure in relevant specialty area required or ability to obtain within specified timeframe
* Results-driven mindset with history of meeting or exceeding performance goals and targets
* Outstanding customer service orientation with patience, empathy, and commitment to exceeding expectations
* Collaborative team player who also works effectively independently with minimal supervision
* Strong analytical and problem-solving abilities with keen attention to detail and accuracy
* Proven ability to manage multiple priorities, meet deadlines, and adapt to changing circumstances
* Professional demeanor with strong work ethic, reliability, and consistent punctuality
* Strong organizational skills with systematic approach to work and meticulous record-keeping
* Ability to stand, walk, and remain mobile for extended periods during scheduled shifts
* Valid driver's license with clean driving record required for positions involving vehicle operation
* Availability to work flexible schedule including evenings, weekends, and holidays as needed

**Environmental and Physical Requirements**

* Manufacturing plant environment with exposure to noise levels requiring hearing protection in designated areas
* Physically demanding work including prolonged standing, walking on concrete floors, and repetitive motions throughout shift
* Regular lifting of materials and products weighing up to 50 pounds; team lifts and mechanical assistance for heavier loads
* Work in areas with varying temperatures; may include exposure to heat from machinery or cooler warehouse environments
* Requires use of personal protective equipment including safety glasses, steel-toed boots, gloves, and other PPE as specified
* Exposure to industrial machinery, moving equipment, and forklifts requiring constant awareness and adherence to safety protocols
* 8-12 hour shifts with potential overtime during peak production periods; may include rotating shifts or weekend work
* Confined spaces or elevated work areas in some positions requiring specific certifications and comfort with heights

**Compensation**

In accordance with our commitment to pay transparency and equity, we provide the following compensation information for this position. We carefully consider a wide range of factors when determining salary including but not limited to: location, relevant education, professional experience, demonstrated skills, and internal equity. Actual compensation will be determined through the interview process and may vary based on these factors.

$16.00 - $32.00 per hour depending on experience and qualifications

**Equal Opportunity Employer Statement**

Global Parts Corporation is proud to be an equal opportunity employer committed to building a diverse and inclusive workforce. We believe that diverse perspectives and backgrounds strengthen our organization and drive innovation. We provide equal employment opportunities to all qualified applicants and employees regardless of race, color, religion, sex, gender identity, sexual orientation, national origin, age, disability, veteran status, genetic information, or any other legally protected characteristic.

We are committed to providing reasonable accommodations to individuals with disabilities throughout the application and employment process. If you require accommodation, please contact our Human Resources department to discuss your needs.

All employment decisions are based on qualifications, merit, and business needs. We do not tolerate discrimination or harassment of any kind and maintain a workplace culture of respect, dignity, and professionalism.

"
4835,"**A World-Class Team**

Cornerstone Builders is powered by dedicated professionals who make a real impact every day. Whether you're on the front lines serving customers, supporting operations, or shaping strategic initiatives, your work matters and contributes to our collective success.

We're a team built on purpose and opportunity. Join us and be part of something meaningful.


**Why You'll Love Working Here**

Your well-being is our priority. We offer a robust benefits program that goes beyond the basics to truly support our team members.

**Here's what you can look forward to:**

* **Flexible Spending Accounts:** Pre-tax savings for healthcare and dependent care expenses.
* **Paid Parental Leave:** Bonding time for new parents with paid leave for birth, adoption, or foster placement.
* **Employee Discounts:** Exclusive discounts on products and services, plus perks with partner companies.
* **Commuter Benefits:** Pre-tax savings on public transportation and parking expenses.
* **Performance Bonuses:** Quarterly and annual bonus opportunities based on individual and company performance.
* **Weekly/Bi-Weekly Pay:** Flexible pay schedule options to help you manage your finances on your terms.
* **Continuing Education:** Support for professional certifications and continuing education credits.
* **Stock Purchase Plan:** Opportunity to purchase company stock at a discount through payroll deductions.
* **Paid Time Off:** Generous PTO including vacation days, personal days, sick leave, and paid holidays.

* Eligibility requirements and waiting periods may vary by position and employment status.

**Job Summary**

We are seeking a qualified Safety Coordinator to join our team. This position plays a vital role in our operations and offers the opportunity to contribute to a dynamic organization committed to excellence. The ideal candidate will bring a combination of technical expertise, professional skills, and personal qualities that align with our values and culture.

**Our Culture**

Join a team that values your contributions and invests in your success:

* **Empowerment:** We trust our team members to make decisions and take ownership of their work.
* **Recognition:** We celebrate achievements and reward excellence through our comprehensive recognition programs.
* **Development:** We invest in your growth with training, mentorship, and clear career progression paths.
* **Inclusivity:** We embrace diversity and create a welcoming environment for people of all backgrounds.
* **Communication:** We maintain open, transparent dialogue at all levels of the organization.
* **Safety First:** Your well-being is our priority – we maintain rigorous safety standards and protocols.
* **Community:** We give back to the communities we serve through volunteer programs and charitable initiatives.

**Major Tasks, Responsibilities, and Key Accountabilities**

* Operate hand tools, power tools, and heavy equipment safely and efficiently, following manufacturer guidelines and OSHA safety regulations
* Document daily activities including hours worked, materials used, and progress made, reporting information to supervisors for project tracking purposes
* Collaborate with team members, subcontractors, and supervisors to coordinate activities, troubleshoot issues, and ensure project milestones are met on schedule
* Protect existing structures and finished surfaces during construction activities, using appropriate covering materials and exercising care when working in occupied spaces
* Maintain clean and organized work areas, properly dispose of construction debris, and ensure compliance with site housekeeping standards and environmental regulations
* Perform quality control checks throughout construction process, identifying defects or deviations from specifications and taking corrective action promptly
* Measure, cut, and install materials precisely using appropriate tools and techniques, verifying measurements and making adjustments as needed for proper fit
* Respond to changing project conditions and last-minute modifications, adapting work approaches while maintaining quality standards and safety protocols
* Participate in pre-construction meetings, daily huddles, and project close-out activities, contributing input on scheduling, logistics, and lessons learned
* Maintain tools and equipment in good working condition through regular cleaning, minor repairs, and proper storage, reporting needed replacements to supervisors
* Load and unload materials, transport supplies to work areas, and operate material handling equipment including forklifts and pallet jacks when certified
* Prepare work sites by setting up barriers, signage, and safety equipment, organizing materials and tools, and ensuring proper staging for efficient workflow
* Read and interpret construction documents including blueprints, specifications, shop drawings, and technical diagrams to execute work accurately
* Conduct daily safety inspections, identify hazards, report unsafe conditions immediately, and participate in toolbox talks and safety training sessions

**Qualifications and Requirements**

* High school diploma required with demonstrated technical aptitude and willingness to learn
* Extensive experience required including supervisory or leadership responsibilities in similar environment
* Familiarity with point-of-sale systems, inventory management software, or customer relationship management tools
* Outstanding customer service orientation with patience, empathy, and commitment to exceeding expectations
* Strong organizational skills with systematic approach to work and meticulous record-keeping
* Cultural competency and ability to work effectively with diverse populations and perspectives
* Proven ability to manage multiple priorities, meet deadlines, and adapt to changing circumstances
* Strong analytical and problem-solving abilities with keen attention to detail and accuracy
* Capacity to lift, carry, push, and pull objects weighing up to 50 pounds regularly
* Stamina to perform physical tasks in varying weather conditions and environmental settings
* Valid driver's license with clean driving record required for positions involving vehicle operation
* Legal authorization to work in the United States with required documentation

**Physical Demands and Job Site Conditions**

* Outdoor construction environment requiring work in all weather conditions including heat, cold, rain, and varying temperatures
* Extremely physically demanding work including heavy lifting (50+ pounds regularly), climbing, bending, and sustained physical effort
* Work at heights on ladders, scaffolding, or elevated platforms requiring comfort with heights and proper safety equipment use
* Exposure to loud noise from power tools and equipment requiring hearing protection and adherence to OSHA standards
* Confined spaces, trenches, and challenging work positions requiring flexibility, strength, and specific safety training
* Requires wearing personal protective equipment including hard hats, safety glasses, gloves, and steel-toed boots at all times
* Early start times typical (6:00-7:00 AM) with 8-10 hour days; overtime and weekend work common during peak season
* Exposure to dust, fumes, chemicals, and construction materials requiring respiratory protection in certain situations

**Compensation**

In accordance with our commitment to pay transparency and equity, we provide the following compensation information for this position. We carefully consider a wide range of factors when determining salary including but not limited to: location, relevant education, professional experience, demonstrated skills, and internal equity. Actual compensation will be determined through the interview process and may vary based on these factors.

Starting from $18.00 per hour

**Equal Opportunity Employer Statement**

Cornerstone Builders is proud to be an equal opportunity employer committed to building a diverse and inclusive workforce. We believe that diverse perspectives and backgrounds strengthen our organization and drive innovation. We provide equal employment opportunities to all qualified applicants and employees regardless of race, color, religion, sex, gender identity, sexual orientation, national origin, age, disability, veteran status, genetic information, or any other legally protected characteristic.

We are committed to providing reasonable accommodations to individuals with disabilities throughout the application and employment process. If you require accommodation, please contact our Human Resources department to discuss your needs.

All employment decisions are based on qualifications, merit, and business needs. We do not tolerate discrimination or harassment of any kind and maintain a workplace culture of respect, dignity, and professionalism.

"
3686,"**A World-Class Team**

MegaMart Wholesale Club is powered by dedicated professionals who make a real impact every day. Whether you're on the front lines serving customers, supporting operations, or shaping strategic initiatives, your work matters and contributes to our collective success.

We're a team built on purpose and opportunity. Join us and be part of something meaningful.


**Why You'll Love Working Here**

We understand that great benefits matter. Our comprehensive package is designed to support you and your family in all aspects of life.

**Here's what you can look forward to:**

* **Performance Bonuses:** Quarterly and annual bonus opportunities based on individual and company performance.
* **Life Insurance:** Company-paid life insurance with options for supplemental coverage for you and your family.
* **Short/Long-Term Disability:** Income protection when you need it most, with both short-term and long-term disability options.
* **Weekly/Bi-Weekly Pay:** Flexible pay schedule options to help you manage your finances on your terms.
* **Paid Time Off:** Generous PTO including vacation days, personal days, sick leave, and paid holidays.
* **Flexible Spending Accounts:** Pre-tax savings for healthcare and dependent care expenses.
* **Professional Development:** Access to training programs, tuition reimbursement, and career advancement opportunities.
* **Paid Parental Leave:** Bonding time for new parents with paid leave for birth, adoption, or foster placement.
* **Continuing Education:** Support for professional certifications and continuing education credits.
* **Employee Assistance Program:** Confidential counseling and support services for you and your household members.

* Eligibility requirements and waiting periods may vary by position and employment status.

**Job Summary**

We are seeking a qualified Floor Manager to join our team. This position plays a vital role in our operations and offers the opportunity to contribute to a dynamic organization committed to excellence. The ideal candidate will bring a combination of technical expertise, professional skills, and personal qualities that align with our values and culture.

**Our Team Values**

We believe in creating a workplace where every team member can thrive. Our core values guide everything we do:

* **Integrity:** We act with honesty and transparency in all our interactions, building trust with our team and customers.
* **Excellence:** We strive for flawless execution and hold ourselves accountable for delivering outstanding results.
* **Collaboration:** We work together with respect and inclusion, embracing diverse perspectives to achieve our goals.
* **Innovation:** We move with speed and agility, adapting quickly to meet the evolving needs of our industry.
* **Customer Focus:** We lead with the customer in mind, ensuring every decision creates value and exceeds expectations.
* **Safety:** We maintain a safe and positive environment for our team members and those we serve.
* **Accountability:** We take ownership of our work and deliver on our commitments with pride and professionalism.

**Major Tasks, Responsibilities, and Key Accountabilities**

* Deliver exceptional customer service by greeting customers warmly, assessing their needs, and providing personalized product recommendations that enhance their shopping experience
* Train and mentor new team members, sharing product knowledge and best practices to ensure consistent service standards across the team
* Process customer returns, exchanges, and adjustments professionally and efficiently while adhering to company policies and working to achieve positive resolutions
* Handle customer complaints and escalate complex issues to management while maintaining composure and professionalism in challenging situations
* Maintain store cleanliness and organization, including sales floors, fitting rooms, stockrooms, and customer areas, ensuring a safe and welcoming shopping environment at all times
* Monitor inventory levels, conduct regular stock checks, identify discrepancies, and communicate supply needs to management to prevent out-of-stock situations
* Support visual merchandising initiatives by setting up seasonal displays, maintaining signage accuracy, and ensuring all marketing materials are current and properly positioned
* Utilize customer loyalty programs effectively, enrolling new members, explaining benefits, and encouraging repeat business through excellent service
* Stay informed about current promotions, product features, pricing, and store policies to accurately answer customer questions and maximize sales opportunities
* Execute merchandising standards by maintaining proper product placement, creating appealing displays, ensuring shelves are fully stocked, and implementing planograms according to company guidelines
* Maintain compliance with all safety regulations, including proper lifting techniques, hazard awareness, and adherence to emergency procedures
* Assist with receiving shipments, verifying contents against packing lists, processing incoming merchandise, and organizing stockroom areas for efficient operations
* Participate in loss prevention efforts by maintaining awareness of theft indicators, following security protocols, and reporting suspicious activities to management
* Operate point-of-sale (POS) systems with accuracy, processing cash, credit, and mobile payments while maintaining proper cash handling procedures and balancing registers at shift end

**Qualifications and Requirements**

* High school diploma or equivalent required; Associate's or Bachelor's degree in related field preferred
* 1-2 years of relevant experience preferred; will train motivated candidates with strong foundational skills
* Strong computer skills including data entry, file management, and basic troubleshooting capabilities
* Experience with industry-specific software systems and demonstrated ability to learn new technologies quickly
* Results-driven mindset with history of meeting or exceeding performance goals and targets
* Outstanding customer service orientation with patience, empathy, and commitment to exceeding expectations
* Strong analytical and problem-solving abilities with keen attention to detail and accuracy
* Cultural competency and ability to work effectively with diverse populations and perspectives
* Leadership capabilities with experience mentoring, training, or supervising others
* Exceptional communication skills with ability to convey complex information clearly to diverse audiences
* Collaborative team player who also works effectively independently with minimal supervision
* Ability to stand, walk, and remain mobile for extended periods during scheduled shifts
* Ability to pass background check, drug screening, and other pre-employment requirements
* Professional references from previous supervisors or colleagues who can attest to qualifications
* Availability to work flexible schedule including evenings, weekends, and holidays as needed

**Environmental Job Conditions**

* Most time is spent standing and walking on hard surfaces throughout assigned shift, requiring physical stamina and comfortable footwear
* Frequent bending, stooping, reaching, kneeling, and crouching to stock shelves, assist customers, and maintain displays at various heights
* Regular lifting and carrying of merchandise weighing up to 30 pounds; occasional team lifts for items exceeding 50 pounds with proper technique
* Indoor climate-controlled environment with occasional exposure to storage areas that may be warmer or cooler than sales floor
* May be exposed to cleaning chemicals and require use of personal protective equipment when handling certain products
* Fast-paced environment with periods of high customer volume requiring sustained energy and focus
* Requires manual dexterity for operating cash registers, scanners, and other point-of-sale equipment

**Compensation**

In accordance with our commitment to pay transparency and equity, we provide the following compensation information for this position. We carefully consider a wide range of factors when determining salary including but not limited to: location, relevant education, professional experience, demonstrated skills, and internal equity. Actual compensation will be determined through the interview process and may vary based on these factors.

Starting from $14.00 per hour

**Equal Opportunity Employer Statement**

MegaMart Wholesale Club is proud to be an equal opportunity employer committed to building a diverse and inclusive workforce. We believe that diverse perspectives and backgrounds strengthen our organization and drive innovation. We provide equal employment opportunities to all qualified applicants and employees regardless of race, color, religion, sex, gender identity, sexual orientation, national origin, age, disability, veteran status, genetic information, or any other legally protected characteristic.

We are committed to providing reasonable accommodations to individuals with disabilities throughout the application and employment process. If you require accommodation, please contact our Human Resources department to discuss your needs.

All employment decisions are based on qualifications, merit, and business needs. We do not tolerate discrimination or harassment of any kind and maintain a workplace culture of respect, dignity, and professionalism.

"
4703,"**A World-Class Team**

ProduceTech Industries is powered by dedicated professionals who make a real impact every day. Whether you're on the front lines serving customers, supporting operations, or shaping strategic initiatives, your work matters and contributes to our collective success.

We're a team built on purpose and opportunity. Join us and be part of something meaningful.


**Why You'll Love Working Here**

We understand that great benefits matter. Our comprehensive package is designed to support you and your family in all aspects of life.

**Here's what you can look forward to:**

* **Health Insurance:** Choose from multiple medical plan options with dental and vision coverage available.
* **Weekly/Bi-Weekly Pay:** Flexible pay schedule options to help you manage your finances on your terms.
* **Stock Purchase Plan:** Opportunity to purchase company stock at a discount through payroll deductions.
* **Continuing Education:** Support for professional certifications and continuing education credits.
* **Paid Time Off:** Generous PTO including vacation days, personal days, sick leave, and paid holidays.
* **401(k) Retirement Plan:** Build your financial future with competitive company match (up to 6% of eligible compensation).
* **Employee Discounts:** Exclusive discounts on products and services, plus perks with partner companies.
* **Commuter Benefits:** Pre-tax savings on public transportation and parking expenses.
* **Paid Parental Leave:** Bonding time for new parents with paid leave for birth, adoption, or foster placement.
* **Flexible Spending Accounts:** Pre-tax savings for healthcare and dependent care expenses.
* **Employee Assistance Program:** Confidential counseling and support services for you and your household members.
* **Wellness Programs:** Comprehensive wellness initiatives including gym membership discounts and health screenings.

* Eligibility requirements and waiting periods may vary by position and employment status.

**Job Summary**

We are seeking a qualified Logistics Coordinator to join our team. This position plays a vital role in our operations and offers the opportunity to contribute to a dynamic organization committed to excellence. The ideal candidate will bring a combination of technical expertise, professional skills, and personal qualities that align with our values and culture.

**Our Culture**

Join a team that values your contributions and invests in your success:

* **Empowerment:** We trust our team members to make decisions and take ownership of their work.
* **Recognition:** We celebrate achievements and reward excellence through our comprehensive recognition programs.
* **Development:** We invest in your growth with training, mentorship, and clear career progression paths.
* **Inclusivity:** We embrace diversity and create a welcoming environment for people of all backgrounds.
* **Communication:** We maintain open, transparent dialogue at all levels of the organization.
* **Safety First:** Your well-being is our priority – we maintain rigorous safety standards and protocols.
* **Community:** We give back to the communities we serve through volunteer programs and charitable initiatives.

**Major Tasks, Responsibilities, and Key Accountabilities**

* Identify and report safety hazards, quality defects, and process inefficiencies while contributing suggestions for continuous improvement initiatives
* Conduct pre-shift equipment inspections, identify potential issues, perform basic maintenance tasks, and report malfunctions to maintenance team immediately
* Attend safety meetings, training sessions, and toolbox talks to stay current on procedures, regulations, and best practices
* Support new employee onboarding by demonstrating proper techniques, sharing knowledge, and promoting a culture of safety and quality
* Operate production machinery and equipment safely and efficiently according to standard operating procedures, meeting quality and productivity targets
* Perform quality control checks throughout production runs using measuring instruments, visual inspections, and testing procedures to ensure product specifications are met
* Package finished products according to customer specifications, apply proper labeling, and prepare items for shipment or warehouse storage
* Follow all safety protocols including proper use of personal protective equipment (PPE), lockout/tagout procedures, and emergency response plans
* Load raw materials, monitor inventory levels during production runs, and communicate supply needs to supervisors to prevent production delays
* Follow detailed work instructions, blueprints, and specifications to ensure products meet customer requirements and industry standards
* Participate in lean manufacturing initiatives, kaizen events, and process improvement projects to enhance efficiency and reduce waste
* Work collaboratively with team members to optimize workflow, meet production schedules, and support cross-training initiatives for operational flexibility
* Monitor production processes continuously, adjust machine settings as needed to maintain quality standards, and troubleshoot issues to minimize downtime

**Qualifications and Requirements**

* High school diploma or equivalent required; Associate's or Bachelor's degree in related field preferred
* Previous experience in related field highly desirable but not required for entry-level positions
* Proficiency with Microsoft Office Suite including Excel, Word, PowerPoint, and Outlook required
* Technical certification or licensure in relevant specialty area required or ability to obtain within specified timeframe
* Proven ability to manage multiple priorities, meet deadlines, and adapt to changing circumstances
* Collaborative team player who also works effectively independently with minimal supervision
* Results-driven mindset with history of meeting or exceeding performance goals and targets
* Strong analytical and problem-solving abilities with keen attention to detail and accuracy
* Professional demeanor with strong work ethic, reliability, and consistent punctuality
* Visual acuity to read documents, computer screens, and observe details at varying distances
* Ability to pass background check, drug screening, and other pre-employment requirements
* Valid driver's license with clean driving record required for positions involving vehicle operation

**Environmental and Physical Requirements**

* Manufacturing plant environment with exposure to noise levels requiring hearing protection in designated areas
* Physically demanding work including prolonged standing, walking on concrete floors, and repetitive motions throughout shift
* Regular lifting of materials and products weighing up to 50 pounds; team lifts and mechanical assistance for heavier loads
* Work in areas with varying temperatures; may include exposure to heat from machinery or cooler warehouse environments
* Requires use of personal protective equipment including safety glasses, steel-toed boots, gloves, and other PPE as specified
* Exposure to industrial machinery, moving equipment, and forklifts requiring constant awareness and adherence to safety protocols
* 8-12 hour shifts with potential overtime during peak production periods; may include rotating shifts or weekend work
* Confined spaces or elevated work areas in some positions requiring specific certifications and comfort with heights

**Compensation**

In accordance with our commitment to pay transparency and equity, we provide the following compensation information for this position. We carefully consider a wide range of factors when determining salary including but not limited to: location, relevant education, professional experience, demonstrated skills, and internal equity. Actual compensation will be determined through the interview process and may vary based on these factors.

Starting from $16.00 per hour

**Equal Opportunity Employer Statement**

ProduceTech Industries is proud to be an equal opportunity employer committed to building a diverse and inclusive workforce. We believe that diverse perspectives and backgrounds strengthen our organization and drive innovation. We provide equal employment opportunities to all qualified applicants and employees regardless of race, color, religion, sex, gender identity, sexual orientation, national origin, age, disability, veteran status, genetic information, or any other legally protected characteristic.

We are committed to providing reasonable accommodations to individuals with disabilities throughout the application and employment process. If you require accommodation, please contact our Human Resources department to discuss your needs.

All employment decisions are based on qualifications, merit, and business needs. We do not tolerate discrimination or harassment of any kind and maintain a workplace culture of respect, dignity, and professionalism.

"
